candidate_id,source_a,raw_name_a,source_b,raw_name_b,sport,league,country,confidence,reason,sample_event_count,example_events,suggested_alias_key,risk_flags,human_decision,reviewer_notes
AC-0001,oddsportal,Dep. San Jose,pinnacle_basketball,Deportivo San Jose,basketball,LNB,Dominican Republic,0.8542,single_side_nearmiss,1,Felix Perez Cardozo vs Dep. San Jose @ 2026-06-22T23:30:00+00:00,Deportivo San Jose,weak_similarity|same_country_common_name,,
AC-0002,oddsportal,Gigantes San Francisco,pinnacle_basketball,Atleticos de San German,basketball,LNB,Dominican Republic,0.6161,both_sides_near,1,Gigantes San Francisco vs Heroes de Moca @ 2026-06-25T00:00:00+00:00,Atleticos de San German,weak_similarity,,
AC-0003,oddsportal,Gigantes San Francisco,pinnacle_basketball,Gigantes de Carolina,basketball,LNB,Dominican Republic,0.8834,both_sides_near,2,Heroes de Moca vs Gigantes San Francisco @ 2026-06-27T00:00:00+00:00; Heroes de Moca vs Gigantes San Francisco @ 2026-06-28T22:00:00+00:00,Gigantes de Carolina,weak_similarity,reject,"Gigantes de Carolina is a Puerto Rico BSN club, not the Dominican LNB side"
AC-0004,oddsportal,Gigantes San Francisco,pinnacle_basketball,Indios de San Francisco de Macoris,basketball,LNB,Dominican Republic,0.6935,single_side_nearmiss,4,Metros de Santiago vs Gigantes San Francisco @ 2026-06-19T23:30:00+00:00; Gigantes San Francisco vs Heroes de Moca @ 2026-06-25T00:00:00+00:00,Indios de San Francisco de Macoris,weak_similarity|known_false_pattern,,
AC-0005,oddsportal,Heroes de Moca,pinnacle_basketball,Indios de Mayaguez,basketball,LNB,Dominican Republic,0.6032,both_sides_near,2,Gigantes San Francisco vs Heroes de Moca @ 2026-06-25T00:00:00+00:00; Heroes de Moca vs Gigantes San Francisco @ 2026-06-27T00:00:00+00:00,Indios de Mayaguez,weak_similarity,reject,"Heroes de Moca (DOM) vs Indios de Mayaguez (PUR) — different clubs, different countries"
AC-0006,oddsportal,Heroes de Moca,pinnacle_basketball,Mets de Guaynabo,basketball,LNB,Dominican Republic,0.5655,both_sides_near,1,Heroes de Moca vs Gigantes San Francisco @ 2026-06-28T22:00:00+00:00,Mets de Guaynabo,weak_similarity,,
AC-0007,oddsportal,Canberra,pinnacle_basketball,Canberra Gunners,basketball,NBL1 East,Australia,0.9000,single_side_nearmiss,3,Canberra vs Inner West Bulls @ 2026-06-20T09:30:00+00:00; Canberra vs Sutherland Sharks @ 2026-06-27T09:30:00+00:00,Canberra Gunners,city_club_ambiguity,,
AC-0008,oddsportal,Canberra,pinnacle_basketball,Canberra Nationals,basketball,NBL1 East,Australia,0.8889,single_side_nearmiss,3,Canberra vs Inner West Bulls @ 2026-06-20T09:30:00+00:00; Canberra vs Sutherland Sharks @ 2026-06-27T09:30:00+00:00,Canberra Nationals,weak_similarity|city_club_ambiguity,,
AC-0009,oddsportal,Penrith P.,pinnacle_basketball,Penrith Panthers,basketball,NBL1 East,Australia,0.9125,single_side_nearmiss,2,Penrith P. vs Maitland M. @ 2026-06-20T05:00:00+00:00,Penrith Panthers,,,
AC-0010,oddsportal,Cairns Marlins,pinnacle_basketball,Cairns Dolphins,basketball,NBL1 North,Australia,0.9038,both_sides_near,1,Southern District vs Cairns Marlins @ 2026-07-03T10:30:00+00:00,Cairns Dolphins,,,
AC-0011,oddsportal,Southern District,pinnacle_basketball,Southern Districts Spartans,basketball,NBL1 North,Australia,0.9259,single_side_nearmiss,5,Southern District vs Ipswich Force @ 2026-06-20T10:00:00+00:00; Sunshine Coast Phoenix vs Southern District @ 2026-06-27T10:00:00+00:00,Southern Districts Spartans,,approve,"n=5, 2 distinct exact-kickoff fixtures; unique base 'Southern Districts' in pinnacle_basketball; W side ('Southern District Spartans W') marker-protected"
AC-0012,oddsportal,Ballarat,pinnacle_basketball,Ballarat Miners,basketball,NBL1 South,Australia,0.9067,both_sides_near,4,Geelong vs Ballarat @ 2026-06-20T09:00:00+00:00; Ballarat vs Waverley @ 2026-06-27T09:30:00+00:00,Ballarat Miners,city_club_ambiguity,approve,NBL1 South round-structure cluster: 2 distinct exact-kickoff fixtures (opponents Geelong/Waverley are the same-round counterparts); only pinnacle club with base Ballarat is Ballarat Miners; OddsPortal women listed 'Ballarat W' -> marker veto unaffected
AC-0013,oddsportal,Dandenong,pinnacle_basketball,Dandenong Rangers,basketball,NBL1 South,Australia,0.9059,single_side_nearmiss,5,Dandenong vs Frankston @ 2026-06-20T09:30:00+00:00; Dandenong vs Mt Gambier @ 2026-06-27T09:30:00+00:00,Dandenong Rangers,same_country_common_name|city_club_ambiguity,approve,"n=5, 2 distinct fixtures (Frankston, Mt Gambier opponents); Dandenong Rangers is the only pinnacle Dandenong basketball club; 'Dandenong Rangers W' stays marker-vetoed; soccer Dandenong City/Thunder unaffected (different normalized names)"
AC-0014,oddsportal,Diamond Valley,pinnacle_basketball,Diamond Valley Eagles,basketball,NBL1 South,Australia,0.9333,single_side_nearmiss,6,Diamond Valley vs Casey Cavaliers @ 2026-06-20T10:00:00+00:00; Kilsyth vs Diamond Valley @ 2026-06-27T09:30:00+00:00,Diamond Valley Eagles,same_country_common_name|city_club_ambiguity,approve,"n=6, 2 distinct fixtures; unique base Diamond Valley; W marker protected"
AC-0015,oddsportal,Eltham,pinnacle_basketball,Eltham Wildcats,basketball,NBL1 South,Australia,0.8800,single_side_nearmiss,6,Keilor Thunder vs Eltham @ 2026-06-20T10:00:00+00:00; Hobart Chargers vs Eltham @ 2026-06-26T10:00:00+00:00,Eltham Wildcats,weak_similarity|city_club_ambiguity,approve,"n=6, 2 distinct fixtures; unique basketball base Eltham (soccer Eltham Redbacks is a different normalized name and alias is exact-match only); W marker protected"
AC-0016,oddsportal,Geelong,pinnacle_basketball,Geelong Supercats,basketball,NBL1 South,Australia,0.8824,both_sides_near,3,Geelong vs Ballarat @ 2026-06-20T09:00:00+00:00; Geelong vs Nunawading @ 2026-06-27T09:00:00+00:00,Geelong Supercats,weak_similarity|same_country_common_name|city_club_ambiguity,,
AC-0017,oddsportal,Geelong,pinnacle_basketball,Geelong United,basketball,NBL1 South,Australia,0.9000,both_sides_near,3,Geelong vs Ballarat @ 2026-06-20T09:00:00+00:00; Geelong vs Nunawading @ 2026-06-27T09:00:00+00:00,Geelong United,same_country_common_name|city_club_ambiguity|known_false_pattern,,
AC-0018,oddsportal,Mt Gambier,pinnacle_basketball,MT Gambier Pioneers,basketball,NBL1 South,Australia,0.9053,single_side_nearmiss,5,Mt Gambier vs Kilsyth @ 2026-06-19T11:30:00+00:00; Dandenong vs Mt Gambier @ 2026-06-27T09:30:00+00:00,MT Gambier Pioneers,city_club_ambiguity,approve,"n=5, 2 distinct fixtures; unique base Mt Gambier; women 'Mt. Gambier W' marker-protected"
AC-0019,oddsportal,Mt Gambier,pinnacle_basketball,Mount Gambier Pioneers,basketball,NBL1 South,Australia,0.8364,single_side_nearmiss,4,Mt Gambier vs Kilsyth @ 2026-06-19T11:30:00+00:00; Nunawading vs Mt Gambier @ 2026-06-28T05:00:00+00:00,MT Gambier Pioneers,weak_similarity,approve,same club as AC-0018 — pinnacle carries two spellings (MT/Mount Gambier Pioneers); canonical overridden to 'MT Gambier Pioneers' to unify both spellings at ONE entry (no split canonical)
AC-0020,oddsportal,Nunawading,pinnacle_basketball,Nunawading Spectres,basketball,NBL1 South,Australia,0.9053,single_side_nearmiss,8,Nunawading vs Ringwood @ 2026-06-20T09:30:00+00:00; Geelong vs Nunawading @ 2026-06-27T09:00:00+00:00,Nunawading Spectres,city_club_ambiguity,approve,"n=8, 2 distinct fixtures; unique base Nunawading in basketball; soccer Nunawading City distinct normalized name; W marker protected"
AC-0021,oddsportal,Waverley,pinnacle_basketball,Waverley Falcons,basketball,NBL1 South,Australia,0.9000,single_side_nearmiss,6,Knox vs Waverley @ 2026-06-20T10:00:00+00:00; Ballarat vs Waverley @ 2026-06-27T09:30:00+00:00,Waverley Falcons,city_club_ambiguity,approve,"n=6, 2 distinct fixtures; unique base Waverley in namespace; W marker protected"
AC-0022,oddsportal,Kalamunda Eastern Suns,pinnacle_basketball,Eastern Suns,basketball,NBL1 West,Australia,0.7096,single_side_nearmiss,2,Kalamunda Eastern Suns vs Geraldton Buccaneers @ 2026-06-20T11:00:00+00:00; Joondalup Wolves vs Kalamunda Eastern Suns @ 2026-07-04T11:00:00+00:00,Eastern Suns,weak_similarity|city_club_ambiguity,approve,"n=2 distinct fixtures; same club (Kalamunda Eastern Suns = Eastern Suns, NBL1 West); pinnacle carries both forms; alias is exact-match, no competing 'Eastern' club; W marker protected"
AC-0023,oddsportal,South Korea,pinnacle_basketball,Republic of Korea,basketball,World Cup,World,0.6351,single_side_nearmiss,1,South Korea vs Chinese Taipei @ 2026-07-03T10:30:00+00:00,Republic of Korea,weak_similarity,,
AC-0024,oddsportal,Akranes,pinnacle_soccer,IA Akranes,soccer,Besta deild karla,Iceland,0.8286,single_side_nearmiss,2,KR Reykjavik vs Akranes @ 2026-06-22T19:15:00+00:00; Akranes vs Fram @ 2026-06-29T19:15:00+00:00,IA Akranes,weak_similarity|city_club_ambiguity,approve,"IA (Ithrottabandalag Akranes) is the only Akranes club; 2 distinct exact opponent+kickoff fixtures (KR Reykjavik, Fram)"
AC-0025,oddsportal,Fram,pinnacle_soccer,Fram Reykjavik,soccer,Besta deild karla,Iceland,0.8571,both_sides_near,1,Akranes vs Fram @ 2026-06-29T19:15:00+00:00,Fram Reykjavik,weak_similarity|same_country_common_name|city_club_ambiguity,,
AC-0026,oddsportal,Hafnarfjordur,pinnacle_soccer,FH Hafnarfjordur,soccer,Besta deild karla,Iceland,0.8478,single_side_nearmiss,1,Hafnarfjordur vs Stjarnan @ 2026-07-03T19:15:00+00:00,FH Hafnarfjordur,weak_similarity|city_club_ambiguity,,
AC-0027,oddsportal,Atl. Ottawa,pinnacle_soccer,Atletico Ottawa,soccer,Canadian Premier League,Canada,0.8989,single_side_nearmiss,1,HFX Wanderers vs Atl. Ottawa @ 2026-07-01T20:00:00+00:00,Atletico Ottawa,weak_similarity|same_country_common_name,,
AC-0028,oddsportal,CEAC/Araruama,pinnacle_soccer,Araruama,soccer,Carioca 2,Brazil,0.7260,single_side_nearmiss,1,America RJ vs CEAC/Araruama @ 2026-06-24T17:45:00+00:00,Araruama,weak_similarity|city_club_ambiguity,,
AC-0029,oddsportal,Brescia,pinnacle_soccer,Brescia Clube,soccer,Carioca C,Brazil,0.9077,single_side_nearmiss,1,Brescia vs Rio Barra @ 2026-06-28T17:45:00+00:00,Brescia Clube,city_club_ambiguity,,
AC-0030,oddsportal,Tigres Brasil,pinnacle_soccer,Tigres do Brasil,soccer,Carioca C,Brazil,0.9625,single_side_nearmiss,1,Rio Barra vs Tigres Brasil @ 2026-07-03T17:45:00+00:00,Tigres do Brasil,city_club_ambiguity,,
AC-0031,oddsportal,Fluminense-SC,pinnacle_soccer,Fluminense de Joinville,soccer,Catarinense 2,Brazil,0.8758,single_side_nearmiss,1,Hercilio Luz vs Fluminense-SC @ 2026-06-28T18:00:00+00:00,Fluminense de Joinville,weak_similarity|city_club_ambiguity,,
AC-0032,oddsportal,Gremio Juventus,pinnacle_soccer,Juventus SC,soccer,Catarinense 2,Brazil,0.4611,single_side_nearmiss,2,Nacao vs Gremio Juventus @ 2026-06-17T22:30:00+00:00; Blumenau vs Gremio Juventus @ 2026-07-01T18:00:00+00:00,Juventus SC,weak_similarity|same_country_common_name|city_club_ambiguity|known_false_pattern,reject,known-false (Gremio Juventus vs Juventus SC) + normalization-collision trap: 'Juventus SC' normalizes to bare 'juventus' = Juventus FC Turin's key
AC-0033,oddsportal,A. Lustenau,pinnacle_soccer,Austria Lustenau,soccer,Club Friendly,World,0.7525,single_side_nearmiss,1,A. Lustenau vs Young Boys @ 2026-07-01T12:00:00+00:00,Austria Lustenau,weak_similarity,,
AC-0034,oddsportal,A. Salzburg,pinnacle_soccer,Austria Salzburg,soccer,Club Friendly,World,0.7825,both_sides_near,1,A. Salzburg vs Tirol @ 2026-07-01T16:30:00+00:00,Austria Salzburg,weak_similarity,,
AC-0035,oddsportal,Alloa,pinnacle_soccer,Alloa Athletic,soccer,Club Friendly,World,0.8714,single_side_nearmiss,1,Alloa vs Livingston @ 2026-06-30T18:30:00+00:00,Alloa Athletic,weak_similarity|same_country_common_name|city_club_ambiguity|known_false_pattern,,
AC-0036,oddsportal,Altona,pinnacle_soccer,Altona 93,soccer,Club Friendly,World,0.9333,single_side_nearmiss,1,Altona vs St. Pauli @ 2026-06-30T16:00:00+00:00,Altona 93,city_club_ambiguity,,
AC-0037,oddsportal,Amstetten,pinnacle_soccer,SKU Amstetten,soccer,Club Friendly,World,0.8419,single_side_nearmiss,1,Taborsko vs Amstetten @ 2026-06-30T15:00:00+00:00,SKU Amstetten,weak_similarity|city_club_ambiguity,,
AC-0038,oddsportal,Ayr,pinnacle_soccer,Ayr United,soccer,Club Friendly,World,0.8367,single_side_nearmiss,1,Ayr vs Dumbarton @ 2026-06-30T18:30:00+00:00,Ayr United,weak_similarity|same_country_common_name|city_club_ambiguity|known_false_pattern,,
AC-0039,oddsportal,BKV Elore,pinnacle_soccer,Elore,soccer,Club Friendly,World,0.4370,both_sides_near,1,BKV Elore vs Tiszafuredi @ 2026-07-01T16:00:00+00:00,Elore,weak_similarity|city_club_ambiguity,,
AC-0040,oddsportal,CSKA 1948 Sofia,pinnacle_soccer,CSKA 1948,soccer,Club Friendly,World,0.9200,both_sides_near,1,CSKA 1948 Sofia vs Partizan @ 2026-06-29T16:00:00+00:00,CSKA 1948,city_club_ambiguity,,
AC-0041,oddsportal,Cardiff Corries,pinnacle_soccer,Cardiff Corinthians,soccer,Club Friendly,World,0.9102,single_side_nearmiss,1,Caerau Ely vs Cardiff Corries @ 2026-06-30T18:45:00+00:00,Cardiff Corinthians,,,
AC-0042,oddsportal,Chojniczanka,pinnacle_soccer,Chojniczanka Chojnice,soccer,Club Friendly,World,0.9143,single_side_nearmiss,1,Chojniczanka vs Petrolul @ 2026-07-02T15:00:00+00:00,Chojniczanka Chojnice,city_club_ambiguity,,
AC-0043,oddsportal,Corvinul,pinnacle_soccer,Corvinul Hunedoara,soccer,Club Friendly,World,0.8889,single_side_nearmiss,1,Koper vs Corvinul @ 2026-07-02T16:00:00+00:00,Corvinul Hunedoara,weak_similarity|city_club_ambiguity,,
AC-0044,oddsportal,Cracovia,pinnacle_soccer,Cracovia Krakow,soccer,Club Friendly,World,0.9067,single_side_nearmiss,1,Cracovia vs Pafos @ 2026-07-03T12:00:00+00:00,Cracovia Krakow,city_club_ambiguity,,
AC-0045,oddsportal,FC Kharkiv,pinnacle_soccer,Metalist Kharkiv,soccer,Club Friendly,World,0.4276,single_side_nearmiss,1,Qarabag vs FC Kharkiv @ 2026-07-01T11:00:00+00:00,Metalist Kharkiv,weak_similarity|city_club_ambiguity|known_false_pattern,,
AC-0046,oddsportal,Galanta,pinnacle_soccer,Slovan Galanta,soccer,Club Friendly,World,0.5571,single_side_nearmiss,1,Galanta vs Malzenice @ 2026-07-01T16:00:00+00:00,Slovan Galanta,weak_similarity|city_club_ambiguity|known_false_pattern,,
AC-0047,oddsportal,H. Beer Sheva,pinnacle_soccer,Hapoel Beer Sheva,soccer,Club Friendly,World,0.8118,single_side_nearmiss,1,Radomiak Radom vs H. Beer Sheva @ 2026-07-01T10:30:00+00:00,Hapoel Beer Sheva,weak_similarity,,
AC-0048,oddsportal,Koge,pinnacle_soccer,HB Koge,soccer,Club Friendly,World,0.0000,single_side_nearmiss,1,Hvidovre IF vs Koge @ 2026-07-03T10:00:00+00:00,HB Koge,weak_similarity|city_club_ambiguity,,
AC-0049,oddsportal,Legnica,pinnacle_soccer,Miedz Legnica,soccer,Club Friendly,World,0.3132,single_side_nearmiss,2,GKS Katowice vs Legnica @ 2026-07-01T14:30:00+00:00,Miedz Legnica,weak_similarity|city_club_ambiguity,,
AC-0050,oddsportal,Mladost DG,pinnacle_soccer,Mladost Donja Gorica,soccer,Club Friendly,World,0.9000,single_side_nearmiss,1,Arsenal Tivat vs Mladost DG @ 2026-07-01T17:00:00+00:00,Mladost Donja Gorica,,,
AC-0051,oddsportal,Neftci Baku,pinnacle_soccer,Neftchi,soccer,Club Friendly,World,0.8805,single_side_nearmiss,1,Neftci Baku vs CFR Cluj @ 2026-07-02T16:00:00+00:00,Neftchi,weak_similarity,,
AC-0052,oddsportal,Nyiregyhaza,pinnacle_soccer,Nyiregyhaza Spartacus,soccer,Club Friendly,World,0.9048,single_side_nearmiss,3,Nyiregyhaza vs Brno @ 2026-06-30T15:00:00+00:00; U. Cluj vs Nyiregyhaza @ 2026-07-03T09:00:00+00:00,Nyiregyhaza Spartacus,city_club_ambiguity,approve,unique city club (Nyiregyhaza Spartacus); 2 distinct exact fixtures
AC-0053,oddsportal,O. Ljubljana,pinnacle_soccer,Olimpija Ljubljana,soccer,Club Friendly,World,0.7470,single_side_nearmiss,1,O. Ljubljana vs Vllaznia @ 2026-06-23T16:00:00+00:00,Olimpija Ljubljana,weak_similarity,,
AC-0054,oddsportal,OFK Beograd Mozzart Bet,pinnacle_soccer,OFK Beograd,soccer,Club Friendly,World,0.8957,both_sides_near,1,Radnicki 1923 vs OFK Beograd Mozzart Bet @ 2026-07-01T14:30:00+00:00,OFK Beograd,weak_similarity|city_club_ambiguity,,
AC-0055,oddsportal,Oberhausen,pinnacle_soccer,Rot Weiss Oberhausen,soccer,Club Friendly,World,0.9300,single_side_nearmiss,1,Waalwijk vs Oberhausen @ 2026-06-30T12:00:00+00:00,Rot Weiss Oberhausen,city_club_ambiguity,,
AC-0056,oddsportal,Ol. Grudziadz,pinnacle_soccer,Olimpia Grudziadz,soccer,Club Friendly,World,0.8327,single_side_nearmiss,1,Ol. Grudziadz vs Petrolul @ 2026-06-30T12:00:00+00:00,Olimpia Grudziadz,weak_similarity,,
AC-0057,oddsportal,Omonia,pinnacle_soccer,Omonia Nicosia,soccer,Club Friendly,World,0.8857,single_side_nearmiss,1,Omonia vs Dinamo Bucuresti @ 2026-07-01T16:30:00+00:00,Omonia Nicosia,weak_similarity|city_club_ambiguity,,
AC-0058,oddsportal,Partizan,pinnacle_soccer,Partizan Belgrade,soccer,Club Friendly,World,0.8941,both_sides_near,1,CSKA 1948 Sofia vs Partizan @ 2026-06-29T16:00:00+00:00,Partizan Belgrade,weak_similarity|city_club_ambiguity,,
AC-0059,oddsportal,Plzen,pinnacle_soccer,Viktoria Plzen,soccer,Club Friendly,World,0.0000,both_sides_near,1,Plzen vs Trnava @ 2026-07-01T15:00:00+00:00,Viktoria Plzen,weak_similarity|city_club_ambiguity,,
AC-0060,oddsportal,Prostejov,pinnacle_soccer,SK Prostejov,soccer,Club Friendly,World,0.8426,single_side_nearmiss,1,Brno vs Prostejov @ 2026-06-23T15:00:00+00:00,SK Prostejov,weak_similarity|city_club_ambiguity,,
AC-0061,oddsportal,Puszcza,pinnacle_soccer,Puszcza Niepolomice,soccer,Club Friendly,World,0.8737,both_sides_near,1,Wisla vs Puszcza @ 2026-07-01T08:00:00+00:00,Puszcza Niepolomice,weak_similarity|city_club_ambiguity,,
AC-0062,oddsportal,Radnicki 1923,pinnacle_soccer,Radnicki Kragujevac,soccer,Club Friendly,World,0.8332,both_sides_near,1,Radnicki 1923 vs OFK Beograd Mozzart Bet @ 2026-07-01T14:30:00+00:00,Radnicki Kragujevac,weak_similarity,,
AC-0063,oddsportal,Raith,pinnacle_soccer,Raith Rovers,soccer,Club Friendly,World,0.8833,single_side_nearmiss,1,Raith vs Edinburgh City @ 2026-06-30T18:30:00+00:00,Raith Rovers,weak_similarity|same_country_common_name|city_club_ambiguity|known_false_pattern,,
AC-0064,oddsportal,Rijeka,pinnacle_soccer,HNK Rijeka,soccer,Club Friendly,World,0.7278,single_side_nearmiss,1,Grosuplje vs Rijeka @ 2026-06-30T16:30:00+00:00,HNK Rijeka,weak_similarity|city_club_ambiguity,,
AC-0065,oddsportal,Sabah Baku,pinnacle_soccer,Sabah FK,soccer,Club Friendly,World,0.9000,both_sides_near,2,Univ. Craiova vs Sabah Baku @ 2026-06-24T16:00:00+00:00; Polissya Zhytomyr vs Sabah Baku @ 2026-07-02T15:00:00+00:00,Sabah FK,city_club_ambiguity,,
AC-0066,oddsportal,Sporting Lokeren,pinnacle_soccer,Lokeren-Temse,soccer,Club Friendly,World,0.6110,single_side_nearmiss,1,Sporting Lokeren vs Oudenaarde @ 2026-07-01T17:00:00+00:00,Lokeren-Temse,weak_similarity|same_country_common_name,,
AC-0067,oddsportal,Tirol,pinnacle_soccer,WSG Tirol,soccer,Club Friendly,World,0.0000,both_sides_near,1,A. Salzburg vs Tirol @ 2026-07-01T16:30:00+00:00,WSG Tirol,weak_similarity|city_club_ambiguity,,
AC-0068,oddsportal,Tiszafuredi,pinnacle_soccer,Tiszafuredi VSE,soccer,Club Friendly,World,0.9467,both_sides_near,1,BKV Elore vs Tiszafuredi @ 2026-07-01T16:00:00+00:00,Tiszafuredi VSE,city_club_ambiguity,,
AC-0069,oddsportal,Tiszakecske,pinnacle_soccer,Tiszakecskei LC,soccer,Club Friendly,World,0.9467,single_side_nearmiss,1,Tiszakecske vs Brno @ 2026-07-01T15:00:00+00:00,Tiszakecskei LC,,,
AC-0070,oddsportal,Trnava,pinnacle_soccer,Spartak Trnava,soccer,Club Friendly,World,0.5675,both_sides_near,1,Plzen vs Trnava @ 2026-07-01T15:00:00+00:00,Spartak Trnava,weak_similarity|city_club_ambiguity|known_false_pattern,,
AC-0071,oddsportal,U. Cluj,pinnacle_soccer,Universitatea Cluj,soccer,Club Friendly,World,0.4667,both_sides_near,1,U. Cluj vs Nyiregyhaza @ 2026-07-03T09:00:00+00:00,Universitatea Cluj,weak_similarity,,
AC-0072,oddsportal,Univ. Craiova,pinnacle_soccer,Universitatea Craiova,soccer,Club Friendly,World,0.8560,both_sides_near,2,Univ. Craiova vs Sabah Baku @ 2026-06-24T16:00:00+00:00; Univ. Craiova vs Polissya Zhytomyr @ 2026-06-29T15:00:00+00:00,Universitatea Craiova,weak_similarity|same_country_common_name,approve,CS Universitatea Craiova; 2 distinct UEFA-qualifier fixtures; the other Craiova club (FC U Craiova 1948) shares no name form with 'Univ. Craiova'; namespace clean
AC-0073,oddsportal,Wisla,pinnacle_soccer,Wisla Krakow,soccer,Club Friendly,World,0.8833,both_sides_near,1,Wisla vs Puszcza @ 2026-07-01T08:00:00+00:00,Wisla Krakow,weak_similarity|city_club_ambiguity,,
AC-0074,oddsportal,Zaglebie,pinnacle_soccer,Zaglebie Lubin,soccer,Club Friendly,World,0.9143,single_side_nearmiss,1,Zaglebie vs Podbrezova @ 2026-07-01T15:00:00+00:00,Zaglebie Lubin,city_club_ambiguity|known_false_pattern,,
AC-0075,oddsportal,Zalaegerszegi,pinnacle_soccer,Zalaegerszeg,soccer,Club Friendly,World,0.9846,single_side_nearmiss,1,Ajka vs Zalaegerszegi @ 2026-07-01T08:30:00+00:00,Zalaegerszeg,,,
AC-0076,oddsportal,Zielona Gora,pinnacle_soccer,Lechia Zielona Gora,soccer,Club Friendly,World,0.7105,single_side_nearmiss,1,Chrobry Glogow vs Zielona Gora @ 2026-07-01T09:00:00+00:00,Lechia Zielona Gora,weak_similarity|city_club_ambiguity|known_false_pattern,,
AC-0077,oddsportal,Copiapo,pinnacle_soccer,Deportes Copiapo,soccer,Copa Chile,Chile,0.4405,both_sides_near,1,Everton vs Copiapo @ 2026-06-26T23:00:00+00:00,Deportes Copiapo,weak_similarity|city_club_ambiguity,,
AC-0078,oddsportal,Everton,pinnacle_soccer,Everton Vina del Mar,soccer,Copa Chile,Chile,0.8700,single_side_nearmiss,3,Everton vs U. Catolica @ 2026-06-24T00:30:00+00:00; Everton vs Copiapo @ 2026-06-26T23:00:00+00:00,Everton Vina del Mar,weak_similarity|city_club_ambiguity|known_false_pattern,reject,"bare 'Everton' is Everton FC (England, existing seed entry); Everton Vina del Mar is a different club"
AC-0079,oddsportal,Athlone,pinnacle_soccer,Athlone Town,soccer,Division 1,Iceland,0.8875,single_side_nearmiss,2,Athlone vs Finn Harps @ 2026-06-26T18:45:00+00:00; Bray vs Athlone @ 2026-07-03T18:45:00+00:00,Athlone Town,weak_similarity|city_club_ambiguity|known_false_pattern,,
AC-0080,oddsportal,Bray,pinnacle_soccer,Bray Wanderers,soccer,Division 1,Iceland,0.8400,single_side_nearmiss,2,Cork City vs Bray @ 2026-06-26T18:45:00+00:00; Bray vs Athlone @ 2026-07-03T18:45:00+00:00,Bray Wanderers,weak_similarity|city_club_ambiguity|known_false_pattern,,
AC-0081,oddsportal,Leiknir,pinnacle_soccer,Leiknir Reykjavik,soccer,Division 1,Iceland,0.8824,single_side_nearmiss,2,Njardvik vs Leiknir @ 2026-06-19T19:15:00+00:00; Leiknir vs IR Reykjavik @ 2026-06-26T19:15:00+00:00,Leiknir Reykjavik,weak_similarity|same_country_common_name|city_club_ambiguity,,
AC-0082,oddsportal,Longford,pinnacle_soccer,Longford Town,soccer,Division 1,Iceland,0.8941,single_side_nearmiss,1,Kerry vs Longford @ 2026-06-26T18:45:00+00:00,Longford Town,weak_similarity|city_club_ambiguity|known_false_pattern,,
AC-0083,oddsportal,Throttur,pinnacle_soccer,Throttur Reykjavik,soccer,Division 1,Iceland,0.8889,single_side_nearmiss,2,Throttur vs Vestri @ 2026-06-27T14:00:00+00:00; Njardvik vs Throttur @ 2026-07-03T19:15:00+00:00,Throttur Reykjavik,weak_similarity|same_country_common_name|city_club_ambiguity,,
AC-0084,oddsportal,UC Dublin,pinnacle_soccer,University College Dublin,soccer,Division 1,Iceland,0.5470,single_side_nearmiss,1,UC Dublin vs Cobh Ramblers @ 2026-06-26T18:45:00+00:00,University College Dublin,weak_similarity|same_country_common_name,,
AC-0085,oddsportal,Benjamin Aceval,pinnacle_soccer,Club Doctor Benjamín Aceval,soccer,Division Intermedia,Paraguay,0.7717,single_side_nearmiss,1,Independiente FBC vs Benjamin Aceval @ 2026-06-30T21:00:00+00:00,Club Doctor Benjamín Aceval,weak_similarity|city_club_ambiguity,,
AC-0086,oddsportal,Guangzhou Dandelion,pinnacle_soccer,Guangzhou Dandelion Alpha,soccer,League Two,China,0.9520,single_side_nearmiss,1,Guangzhou Dandelion vs Guangdong Mingtu @ 2026-07-04T11:00:00+00:00,Guangzhou Dandelion Alpha,city_club_ambiguity,,
AC-0087,oddsportal,Nantong Haimen,pinnacle_soccer,Nantong Haimen Codion,soccer,League Two,China,0.9333,single_side_nearmiss,1,Nantong Haimen vs Dalian Kewei @ 2026-07-04T11:30:00+00:00,Nantong Haimen Codion,city_club_ambiguity,,
AC-0088,oddsportal,Boa,pinnacle_soccer,Boa EC MG,soccer,Mineiro 2,Brazil,0.8444,single_side_nearmiss,3,Patrocinense vs Boa @ 2026-06-25T00:30:00+00:00; Boa vs Mamore @ 2026-06-28T13:30:00+00:00,Boa EC MG,weak_similarity|city_club_ambiguity,,
AC-0089,oddsportal,Valeriodoce,pinnacle_soccer,Valeriodoce EC,soccer,Mineiro 2,Brazil,0.9571,single_side_nearmiss,3,Valeriodoce vs Aymores @ 2026-06-17T23:00:00+00:00; Aymores vs Valeriodoce @ 2026-06-28T13:00:00+00:00,Valeriodoce EC,city_club_ambiguity,approve,unique name Valeriodoce; 2 distinct exact fixtures (Aymores home+away)
AC-0090,oddsportal,Villa Nova MG,pinnacle_soccer,Villa Nova,soccer,Mineiro 2,Brazil,0.9538,single_side_nearmiss,1,Coimbra vs Villa Nova MG @ 2026-07-01T18:00:00+00:00,Villa Nova,city_club_ambiguity,,
AC-0091,oddsportal,Tigers FC,pinnacle_soccer,Cooma Tigers,soccer,NPL ACT,Australia,0.0000,single_side_nearmiss,4,Tigers FC vs Canberra Croatia @ 2026-06-20T08:00:00+00:00; Canberra White Eagles vs Tigers FC @ 2026-07-04T05:00:00+00:00,Cooma Tigers,weak_similarity|same_country_common_name|city_club_ambiguity,,
AC-0092,oddsportal,Tuggeranong Utd,pinnacle_soccer,Tuggeranong United,soccer,NPL ACT,Australia,0.9667,single_side_nearmiss,2,Tuggeranong Utd vs Canberra White Eagles @ 2026-06-20T05:00:00+00:00,Tuggeranong United,same_country_common_name,,
AC-0093,oddsportal,Gold Coast Utd,pinnacle_soccer,Gold Coast United,soccer,NPL Queensland,Australia,0.9647,single_side_nearmiss,2,Gold Coast Utd vs Moreton City Excelsior @ 2026-06-28T05:00:00+00:00,Gold Coast United,same_country_common_name,,
AC-0094,oddsportal,Peninsula,pinnacle_soccer,Peninsula Power,soccer,NPL Queensland,Australia,0.9200,single_side_nearmiss,2,Eastern Suburbs vs Peninsula @ 2026-07-04T09:00:00+00:00,Peninsula Power,city_club_ambiguity,,
AC-0095,oddsportal,Rochedale,pinnacle_soccer,Rochedale Rovers,soccer,NPL Queensland,Australia,0.9125,single_side_nearmiss,2,Rochedale vs Gold Coast Knights @ 2026-06-26T09:30:00+00:00; Wynnum Wolves vs Rochedale @ 2026-07-03T09:30:00+00:00,Rochedale Rovers,same_country_common_name|city_club_ambiguity|known_false_pattern,,
AC-0096,oddsportal,Devonport,pinnacle_soccer,Devonport City,soccer,NPL Tasmania,Australia,0.9286,single_side_nearmiss,2,Kingborough Lions vs Devonport @ 2026-06-28T04:30:00+00:00; Devonport vs Riverside Olympic @ 2026-07-04T04:30:00+00:00,Devonport City,same_country_common_name|city_club_ambiguity|known_false_pattern,,
AC-0097,oddsportal,Launceston,pinnacle_soccer,Launceston United Soccer Club,soccer,NPL Tasmania,Australia,0.8819,both_sides_near,1,Launceston vs Launceston United @ 2026-07-04T06:45:00+00:00,Launceston United Soccer Club,weak_similarity|same_country_common_name|city_club_ambiguity,,
AC-0098,oddsportal,Launceston United,pinnacle_soccer,Launceston City,soccer,NPL Tasmania,Australia,0.9263,both_sides_near,1,Launceston vs Launceston United @ 2026-07-04T06:45:00+00:00,Launceston City,same_country_common_name|known_false_pattern,,
AC-0099,oddsportal,Launceston United,pinnacle_soccer,Launceston United Soccer Club,soccer,NPL Tasmania,Australia,0.9417,single_side_nearmiss,1,Launceston vs Launceston United @ 2026-07-04T06:45:00+00:00,Launceston United Soccer Club,same_country_common_name|city_club_ambiguity,,
AC-0100,oddsportal,St Albans,pinnacle_soccer,St Albans Saints,soccer,NPL Victoria,Australia,0.9214,single_side_nearmiss,1,Heidelberg Utd vs St Albans @ 2026-07-03T09:30:00+00:00,St Albans Saints,city_club_ambiguity,,
AC-0101,oddsportal,Bayswater,pinnacle_soccer,Bayswater City,soccer,NPL Western Australia,Australia,0.9286,single_side_nearmiss,2,Bayswater vs Perth RedStar @ 2026-06-26T11:00:00+00:00; Fremantle City vs Bayswater @ 2026-07-04T07:00:00+00:00,Bayswater City,same_country_common_name|city_club_ambiguity|known_false_pattern,reject,explicit known-false from the matcher skill: Bayswater and Bayswater City are DISTINCT clubs
AC-0102,oddsportal,Dianella White Eagle,pinnacle_soccer,Dianella White Eagles,soccer,NPL Western Australia,Australia,0.9905,single_side_nearmiss,2,Dianella White Eagle vs Sorrento @ 2026-06-27T09:00:00+00:00; Dianella White Eagle vs Perth Azzurri @ 2026-07-04T09:00:00+00:00,Dianella White Eagles,same_country_common_name,approve,singular/plural of the same club (Dianella White Eagles); 2 distinct exact fixtures
AC-0103,oddsportal,Perth Azzurri,pinnacle_soccer,Perth SC,soccer,NPL Western Australia,Australia,0.8769,single_side_nearmiss,2,Armadale vs Perth Azzurri @ 2026-06-27T07:00:00+00:00; Dianella White Eagle vs Perth Azzurri @ 2026-07-04T09:00:00+00:00,Perth SC,weak_similarity|city_club_ambiguity,,
AC-0104,oddsportal,Bankstown City Lions,pinnacle_soccer,Fremantle City,soccer,NSW League One,Australia,0.5865,both_sides_near,1,Western City Rangers vs Bankstown City Lions @ 2026-06-27T09:00:00+00:00,Fremantle City,weak_similarity|same_country_common_name,,
AC-0105,oddsportal,Hakoah Sydney,pinnacle_soccer,Hakoah Sydney City,soccer,NSW League One,Australia,0.9444,single_side_nearmiss,1,Prospect United vs Hakoah Sydney @ 2026-07-03T10:00:00+00:00,Hakoah Sydney City,same_country_common_name|city_club_ambiguity|known_false_pattern,,
AC-0106,oddsportal,Hakoah Sydney,pinnacle_soccer,Hakoah Sydney City East,soccer,NSW League One,Australia,0.9130,single_side_nearmiss,1,Prospect United vs Hakoah Sydney @ 2026-07-03T10:00:00+00:00,Hakoah Sydney City East,same_country_common_name|city_club_ambiguity|known_false_pattern,,
AC-0107,oddsportal,Hakoah Sydney,pinnacle_soccer,Sydney University,soccer,NSW League One,Australia,0.4834,both_sides_near,1,Prospect United vs Hakoah Sydney @ 2026-07-03T10:00:00+00:00,Sydney University,weak_similarity|same_country_common_name,,
AC-0108,oddsportal,Hills United,pinnacle_soccer,Hills United Brumbies,soccer,NSW League One,Australia,0.9143,single_side_nearmiss,1,Hills United vs Northern Tigers @ 2026-07-04T07:00:00+00:00,Hills United Brumbies,same_country_common_name|city_club_ambiguity,,
AC-0109,oddsportal,Hills United,pinnacle_soccer,North Lakes United,soccer,NSW League One,Australia,0.6630,both_sides_near,1,Hills United vs Northern Tigers @ 2026-07-04T07:00:00+00:00,North Lakes United,weak_similarity|same_country_common_name,,
AC-0110,oddsportal,Hurstville Zagreb,pinnacle_soccer,Hurstville,soccer,NSW League One,Australia,0.9176,single_side_nearmiss,2,Hurstville Zagreb vs Canterbury Bankstown @ 2026-07-03T10:00:00+00:00,Hurstville,city_club_ambiguity,,
AC-0111,oddsportal,Northern Tigers,pinnacle_soccer,North Brisbane,soccer,NSW League One,Australia,0.8493,both_sides_near,1,Hills United vs Northern Tigers @ 2026-07-04T07:00:00+00:00,North Brisbane,weak_similarity|same_country_common_name,,
AC-0112,oddsportal,Prospect United,pinnacle_soccer,Bankstown United,soccer,NSW League One,Australia,0.6639,both_sides_near,1,Prospect United vs Hakoah Sydney @ 2026-07-03T10:00:00+00:00,Bankstown United,weak_similarity|same_country_common_name,,
AC-0113,oddsportal,Western City Rangers,pinnacle_soccer,Western Knights,soccer,NSW League One,Australia,0.8726,both_sides_near,1,Western City Rangers vs Bankstown City Lions @ 2026-06-27T09:00:00+00:00,Western Knights,weak_similarity|same_country_common_name|known_false_pattern,,
AC-0114,oddsportal,Galway,pinnacle_soccer,Galway United,soccer,Premier Division,Ireland,0.8706,single_side_nearmiss,2,Shamrock Rovers vs Galway @ 2026-06-26T18:30:00+00:00; St. Patricks vs Galway @ 2026-07-03T18:45:00+00:00,Galway United,weak_similarity|same_country_common_name|city_club_ambiguity|known_false_pattern,,
AC-0115,oddsportal,St. Patricks,pinnacle_soccer,St Patrick´s Athletic,soccer,Premier Division,Ireland,0.8880,single_side_nearmiss,3,St. Patricks vs Sligo Rovers @ 2026-06-19T18:45:00+00:00; Bohemians vs St. Patricks @ 2026-06-26T19:00:00+00:00,St Patrick's Athletic F.C.,weak_similarity|same_country_common_name,approve,"St Patrick's Athletic (LOI); canonical overridden to the EXISTING seed entry ""St Patrick's Athletic F.C."" (suggested form normalizes identically to its existing alias — avoids split canonical); 2 distinct exact fixtures (Sligo Rovers, Bohemians)"
AC-0116,oddsportal,Khangarid,pinnacle_soccer,Khangarid Klub,soccer,Premier League,Mongolia,0.9286,single_side_nearmiss,1,Khangarid vs FC Ulaanbaatar @ 2026-07-03T11:00:00+00:00,Khangarid Klub,city_club_ambiguity,,
AC-0117,oddsportal,Safa,pinnacle_soccer,Al Safa Beirut,soccer,Premier League,Lebanon,0.5952,single_side_nearmiss,1,Safa vs Al-Mabarrah @ 2026-07-03T14:00:00+00:00,Al Safa Beirut,weak_similarity|city_club_ambiguity,,
AC-0118,oddsportal,Brown Adrogue,pinnacle_soccer,Brown de Adrogue,soccer,Primera B,Argentina,0.9087,single_side_nearmiss,1,Brown Adrogue vs Argentino de Quilmes @ 2026-06-20T18:00:00+00:00,Brown de Adrogue,city_club_ambiguity,,
AC-0119,oddsportal,Laferrere,pinnacle_soccer,Deportivo Laferrere,soccer,Primera B,Argentina,0.6062,single_side_nearmiss,2,Laferrere vs Defensores Unidos @ 2026-06-20T17:30:00+00:00; Laferrere vs Argentino de Quilmes @ 2026-06-28T16:00:00+00:00,Deportivo Laferrere,weak_similarity|same_country_common_name|city_club_ambiguity,approve,Deportivo Laferrere is the only Laferrere club; 2 distinct exact fixtures
AC-0120,oddsportal,Argentino de Rosario,pinnacle_soccer,Argentino Monte Maiz,soccer,Primera C,Argentina,0.8800,both_sides_near,1,Juventud Unida S. M. vs Argentino de Rosario @ 2026-06-27T18:00:00+00:00,Argentino Monte Maiz,weak_similarity|same_country_common_name,,
AC-0121,oddsportal,Atlas,pinnacle_soccer,CA Atlas,soccer,Primera C,Argentina,0.6667,single_side_nearmiss,1,Central Ballester vs Atlas @ 2026-06-30T18:00:00+00:00,CA Atlas,weak_similarity|city_club_ambiguity,,
AC-0122,oddsportal,Berazategui,pinnacle_soccer,AD Berazategui,soccer,Primera C,Argentina,0.8377,single_side_nearmiss,1,Leandro N. Alem vs Berazategui @ 2026-06-28T18:00:00+00:00,AD Berazategui,weak_similarity|city_club_ambiguity,,
AC-0123,oddsportal,Fenix,pinnacle_soccer,Club Atletico Fenix,soccer,Primera C,Argentina,0.5143,single_side_nearmiss,1,Fenix vs General Lamadrid @ 2026-06-29T18:00:00+00:00,Club Atletico Fenix,weak_similarity|same_country_common_name|city_club_ambiguity|known_false_pattern,,
AC-0124,oddsportal,Juventud Unida S. M.,pinnacle_soccer,Juventud Unida Universitario,soccer,Primera C,Argentina,0.8921,both_sides_near,1,Juventud Unida S. M. vs Argentino de Rosario @ 2026-06-27T18:00:00+00:00,Juventud Unida Universitario,weak_similarity|same_country_common_name,,
AC-0125,oddsportal,Adelaide Atletico,pinnacle_soccer,Adelaide Victory,soccer,SA State League,Australia,0.8924,both_sides_near,1,Cove FC vs Adelaide Atletico @ 2026-07-04T07:30:00+00:00,Adelaide Victory,weak_similarity|same_country_common_name,,
AC-0126,oddsportal,Blue Eagles,pinnacle_soccer,Adelaide Blue Eagles,soccer,SA State League,Australia,0.7288,single_side_nearmiss,1,Blue Eagles vs South Adelaide @ 2026-07-04T05:30:00+00:00,Adelaide Blue Eagles,weak_similarity|same_country_common_name|city_club_ambiguity,,
AC-0127,oddsportal,Cove FC,pinnacle_soccer,The Cove,soccer,SA State League,Australia,0.4583,both_sides_near,1,Cove FC vs Adelaide Atletico @ 2026-07-04T07:30:00+00:00,The Cove,weak_similarity|city_club_ambiguity,,
AC-0128,oddsportal,America MG,pinnacle_soccer,America Mineiro,soccer,Serie B,Brazil,0.8362,single_side_nearmiss,3,America MG vs Criciuma @ 2026-06-23T23:00:00+00:00; Operario-PR vs America MG @ 2026-06-27T14:00:00+00:00,America Mineiro,weak_similarity|same_country_common_name,approve,America MG = America Mineiro (MG = Minas Gerais state tag of the same club); 2 distinct exact Serie B fixtures; 'America MG U20' youth marker protected
AC-0129,oddsportal,Atletico FC,pinnacle_soccer,Atletico FC Guayaquil,soccer,Serie B,Brazil,0.8689,single_side_nearmiss,1,Atletico FC vs EL Nacional @ 2026-07-02T20:30:00+00:00,Atletico FC Guayaquil,weak_similarity|same_country_common_name|city_club_ambiguity,,
AC-0130,oddsportal,Dep. Santo Domingo,pinnacle_soccer,Deportivo Santo Domingo,soccer,Serie B,Ecuador,0.8499,both_sides_near,1,Dep. Santo Domingo vs Ind. Juniors @ 2026-07-03T00:00:00+00:00,Deportivo Santo Domingo,weak_similarity|same_country_common_name,,
AC-0131,oddsportal,Ind. Juniors,pinnacle_soccer,Independiente Juniors,soccer,Serie B,Ecuador,0.6949,both_sides_near,1,Dep. Santo Domingo vs Ind. Juniors @ 2026-07-03T00:00:00+00:00,Independiente Juniors,weak_similarity,,
AC-0132,oddsportal,Novorizontino,pinnacle_soccer,Gremio Novorizontino,soccer,Serie B,Brazil,0.7167,single_side_nearmiss,2,Ponte Preta vs Novorizontino @ 2026-06-22T23:00:00+00:00; Novorizontino vs Vila Nova FC @ 2026-06-26T22:00:00+00:00,Gremio Novorizontino,weak_similarity|same_country_common_name|city_club_ambiguity,approve,"Gremio Novorizontino, unique city name; 2 distinct exact Serie B fixtures"
AC-0133,oddsportal,Operario-PR,pinnacle_soccer,Operario Ferroviario,soccer,Serie B,Brazil,0.8818,both_sides_near,1,Operario-PR vs America MG @ 2026-06-27T14:00:00+00:00,Operario Ferroviario,weak_similarity,,
AC-0134,oddsportal,Ferroviaria,pinnacle_soccer,Ferroviaria SP,soccer,Serie C,Brazil,0.9571,single_side_nearmiss,1,Itabaiana vs Ferroviaria @ 2026-06-27T22:00:00+00:00,Ferroviaria SP,city_club_ambiguity,,
AC-0135,oddsportal,Floresta EC,pinnacle_soccer,Floresta,soccer,Serie C,Brazil,0.9455,single_side_nearmiss,1,Floresta EC vs Barra FC @ 2026-06-27T19:00:00+00:00,Floresta,city_club_ambiguity,,
AC-0136,oddsportal,Paysandu PA,pinnacle_soccer,Paysandu,soccer,Serie C,Brazil,0.9136,both_sides_near,1,Paysandu PA vs Santa Cruz @ 2026-06-27T20:00:00+00:00,Paysandu,city_club_ambiguity,,
AC-0137,oddsportal,SER Caxias,pinnacle_soccer,Caxias,soccer,Serie C,Brazil,0.8667,single_side_nearmiss,1,SER Caxias vs Anapolis @ 2026-06-30T22:30:00+00:00,Caxias,weak_similarity|city_club_ambiguity,,
AC-0138,oddsportal,Santa Cruz,pinnacle_soccer,Santa Cruz PE,soccer,Serie C,Brazil,0.9538,both_sides_near,1,Paysandu PA vs Santa Cruz @ 2026-06-27T20:00:00+00:00,Santa Cruz PE,city_club_ambiguity,,
AC-0139,oddsportal,AE Altos,pinnacle_soccer,Altos,soccer,Serie D,Brazil,0.8875,single_side_nearmiss,1,ABC vs AE Altos @ 2026-06-28T19:00:00+00:00,Altos,weak_similarity|city_club_ambiguity,,
AC-0140,oddsportal,Treze PB,pinnacle_soccer,Treze,soccer,Serie D,Brazil,0.9250,single_side_nearmiss,1,Treze PB vs Jacuipense @ 2026-06-28T20:00:00+00:00,Treze,city_club_ambiguity,,
AC-0141,oddsportal,Masters FC,pinnacle_soccer,Masters Security,soccer,Super League,China,0.8875,single_side_nearmiss,1,Big Bullets vs Masters FC @ 2026-06-29T12:30:00+00:00,Masters Security,weak_similarity|city_club_ambiguity,,
AC-0142,oddsportal,Argentino MM,pinnacle_soccer,Argentino Monte Maiz,soccer,Torneo Federal,Argentina,0.9200,both_sides_near,1,Argentino MM vs Juventud U.U. @ 2026-06-27T18:30:00+00:00,Argentino Monte Maiz,same_country_common_name,,
AC-0143,oddsportal,Biblioteca Atenas,pinnacle_soccer,Sportivo y Biblioteca Atenas,soccer,Torneo Federal,Argentina,0.7514,single_side_nearmiss,1,Deportivo Rincon vs Biblioteca Atenas @ 2026-06-27T18:30:00+00:00,Sportivo y Biblioteca Atenas,weak_similarity|city_club_ambiguity,,
AC-0144,oddsportal,Chivilcoy,pinnacle_soccer,Gimnasia Chivilcoy,soccer,Torneo Federal,Argentina,0.5000,single_side_nearmiss,1,Chivilcoy vs Atletico Escobar @ 2026-06-20T18:00:00+00:00,Gimnasia Chivilcoy,weak_similarity|city_club_ambiguity,,
AC-0145,oddsportal,Defensores Belgrano VR,pinnacle_soccer,Defensores de Belgrano VR,soccer,Torneo Federal,Argentina,0.9351,single_side_nearmiss,1,Sportivo Las Parejas vs Defensores Belgrano VR @ 2026-06-27T19:30:00+00:00,Defensores de Belgrano VR,city_club_ambiguity,,
AC-0146,oddsportal,Gimnasia E.R.,pinnacle_soccer,Gimnasia y Esgrima de Concepcion,soccer,Torneo Federal,Argentina,0.8583,single_side_nearmiss,1,Atletico Escobar vs Gimnasia E.R. @ 2026-06-28T18:30:00+00:00,Gimnasia y Esgrima de Concepcion,weak_similarity,,
AC-0147,oddsportal,Juventud U.U.,pinnacle_soccer,Juventud Unida Universitario,soccer,Torneo Federal,Argentina,0.8857,both_sides_near,1,Argentino MM vs Juventud U.U. @ 2026-06-27T18:30:00+00:00,Juventud Unida Universitario,weak_similarity|same_country_common_name,,
AC-0148,oddsportal,San Martin Formosa,pinnacle_soccer,Club Libertad San Carlos,soccer,Torneo Federal,Argentina,0.5994,both_sides_near,1,Sol de America vs San Martin Formosa @ 2026-06-28T18:00:00+00:00,Club Libertad San Carlos,weak_similarity,,
AC-0149,oddsportal,San Martin Formosa,pinnacle_soccer,Real San Joaquin,soccer,Torneo Federal,Argentina,0.6298,both_sides_near,1,Sol de America vs San Martin Formosa @ 2026-06-28T18:00:00+00:00,Real San Joaquin,weak_similarity|same_country_common_name,,
AC-0150,oddsportal,San Martin Formosa,pinnacle_soccer,Rio Negro de San Jose,soccer,Torneo Federal,Argentina,0.5601,both_sides_near,1,Sol de America vs San Martin Formosa @ 2026-06-28T18:00:00+00:00,Rio Negro de San Jose,weak_similarity|same_country_common_name,,
AC-0151,oddsportal,San Martin Formosa,pinnacle_soccer,Sportivo San Lorenzo,soccer,Torneo Federal,Argentina,0.6732,both_sides_near,1,Sol de America vs San Martin Formosa @ 2026-06-28T18:00:00+00:00,Sportivo San Lorenzo,weak_similarity,,
AC-0152,oddsportal,San Martin Formosa,pinnacle_soccer,Union San Felipe,soccer,Torneo Federal,Argentina,0.5648,both_sides_near,1,Sol de America vs San Martin Formosa @ 2026-06-28T18:00:00+00:00,Union San Felipe,weak_similarity,,
AC-0153,oddsportal,San Martin Mendoza,pinnacle_soccer,San Martin de Mendoza,soccer,Torneo Federal,Argentina,0.9548,single_side_nearmiss,2,San Martin Mendoza vs Huracan Las Heras @ 2026-06-20T23:30:00+00:00; Costa Brava vs San Martin Mendoza @ 2026-06-28T18:30:00+00:00,San Martin de Mendoza,city_club_ambiguity,approve,both names carry the Mendoza qualifier — no crossing risk with the other San Martin clubs (S.J./T./Burzaco/Formosa remain distinct normalized names); 2 distinct exact fixtures
AC-0154,oddsportal,Santamarina,pinnacle_soccer,Deportivo Santamarina,soccer,Torneo Federal,Argentina,0.5137,single_side_nearmiss,1,Germinal vs Santamarina @ 2026-06-28T18:00:00+00:00,Deportivo Santamarina,weak_similarity|same_country_common_name|city_club_ambiguity,,
AC-0155,oddsportal,Santamarina,pinnacle_soccer,Santamarina Tandil,soccer,Torneo Federal,Argentina,0.9222,single_side_nearmiss,1,Santamarina vs Villa Mitre @ 2026-06-20T21:00:00+00:00,Santamarina Tandil,city_club_ambiguity,,
AC-0156,oddsportal,Sarmiento Resistencia,pinnacle_soccer,Sarmiento de Resistencia,soccer,Torneo Federal,Argentina,0.9417,single_side_nearmiss,1,Sarmiento Resistencia vs Tucuman Central @ 2026-06-28T19:00:00+00:00,Sarmiento de Resistencia,city_club_ambiguity,,
AC-0157,oddsportal,Sol de America,pinnacle_soccer,2 de Mayo,soccer,Torneo Federal,Argentina,0.6429,both_sides_near,1,Sol de America vs San Martin Formosa @ 2026-06-28T18:00:00+00:00,2 de Mayo,weak_similarity|same_country_common_name,,
AC-0158,oddsportal,Sol de America,pinnacle_soccer,Brujas de Salamanca,soccer,Torneo Federal,Argentina,0.5388,both_sides_near,1,Sol de America vs San Martin Formosa @ 2026-06-28T18:00:00+00:00,Brujas de Salamanca,weak_similarity|same_country_common_name,,
AC-0159,oddsportal,Sol de America,pinnacle_soccer,Club Nacional de Football Florida,soccer,Torneo Federal,Argentina,0.5238,both_sides_near,1,Sol de America vs San Martin Formosa @ 2026-06-28T18:00:00+00:00,Club Nacional de Football Florida,weak_similarity|same_country_common_name,,
AC-0160,oddsportal,Sol de America,pinnacle_soccer,Lavalleja de Minas,soccer,Torneo Federal,Argentina,0.6233,both_sides_near,1,Sol de America vs San Martin Formosa @ 2026-06-28T18:00:00+00:00,Lavalleja de Minas,weak_similarity|same_country_common_name,,
AC-0161,oddsportal,Sol de America,pinnacle_soccer,Sol de America de Formosa,soccer,Torneo Federal,Argentina,0.9120,single_side_nearmiss,1,Sol de America vs San Martin Formosa @ 2026-06-28T18:00:00+00:00,Sol de America de Formosa,same_country_common_name|city_club_ambiguity,,
AC-0162,oddsportal,Sol de America,pinnacle_soccer,Universidad de Chile,soccer,Torneo Federal,Argentina,0.6048,both_sides_near,1,Sol de America vs San Martin Formosa @ 2026-06-28T18:00:00+00:00,Universidad de Chile,weak_similarity|same_country_common_name,,
AC-0163,oddsportal,Loudoun,pinnacle_soccer,Loudoun United,soccer,USL Championship,USA,0.9000,both_sides_near,1,Loudoun vs Sporting Jax @ 2026-07-03T23:30:00+00:00,Loudoun United,same_country_common_name|city_club_ambiguity|known_false_pattern,,
AC-0164,oddsportal,Sporting Jax,pinnacle_soccer,Sporting Club Jacksonville,soccer,USL Championship,USA,0.8881,both_sides_near,1,Loudoun vs Sporting Jax @ 2026-07-03T23:30:00+00:00,Sporting Club Jacksonville,weak_similarity|same_country_common_name,approve,"first-team mapping for the Sporting Jax club; single first-team fixture BUT confirmed by AC-0172's 2 distinct reserve fixtures (Sporting Jax 2 == Sporting Club Jacksonville II, markers equal); the reserve-keyed alias itself is non-functional (matcher looks up marker-STRIPPED bases) so this first-team entry is the sanctioned fix that recovers both squads"
AC-0165,oddsportal,Brevard SC,pinnacle_soccer,Brevard Fire,soccer,USL League Two,USA,0.9167,single_side_nearmiss,2,Miami vs Brevard SC @ 2026-06-29T00:00:00+00:00; Weston vs Brevard SC @ 2026-07-01T22:00:00+00:00,Brevard Fire,city_club_ambiguity|known_false_pattern,reject,in KNOWN_FALSE_PAIRS: Brevard SC and Brevard Fire are distinct clubs
AC-0166,oddsportal,Fort Lauderdale,pinnacle_soccer,Fort Lauderdale United,soccer,USL League Two,USA,0.9364,single_side_nearmiss,1,Miami City vs Fort Lauderdale @ 2026-07-01T23:00:00+00:00,Fort Lauderdale United,same_country_common_name|city_club_ambiguity|known_false_pattern,,
AC-0167,oddsportal,Lansing City,pinnacle_soccer,Lansing City Football,soccer,USL League Two,USA,0.9143,single_side_nearmiss,1,Union FC Macomb vs Lansing City @ 2026-06-23T23:00:00+00:00,Lansing City Football,same_country_common_name|city_club_ambiguity,,
AC-0168,oddsportal,Loudoun 2,pinnacle_soccer,Loudoun United II,soccer,USL League Two,USA,0.9000,both_sides_near,1,Virginia Beach vs Loudoun 2 @ 2026-07-01T23:00:00+00:00,Loudoun United II,same_country_common_name|known_false_pattern,,
AC-0169,oddsportal,RC New Jersey,pinnacle_soccer,Real Central New Jersey,soccer,USL League Two,USA,0.7773,single_side_nearmiss,1,RC New Jersey vs Delaware @ 2026-07-01T22:00:00+00:00,Real Central New Jersey,weak_similarity|same_country_common_name,,
AC-0170,oddsportal,RKC SC,pinnacle_soccer,RKC Soccer Club,soccer,USL League Two,USA,0.7467,single_side_nearmiss,1,Minneapolis City vs RKC SC @ 2026-06-25T00:00:00+00:00,RKC Soccer Club,weak_similarity|same_country_common_name|city_club_ambiguity,,
AC-0171,oddsportal,Seacoast Utd Phantoms,pinnacle_soccer,Seacoast United Phantoms,soccer,USL League Two,USA,0.9417,single_side_nearmiss,1,Seacoast Utd Phantoms vs Boston Bolts @ 2026-06-25T23:00:00+00:00,Seacoast United Phantoms,same_country_common_name,,
AC-0172,oddsportal,Sporting Jax 2,pinnacle_soccer,Sporting Club Jacksonville II,soccer,USL League Two,USA,0.8881,single_side_nearmiss,2,Sporting Jax 2 vs Shark Coast @ 2026-06-23T23:00:00+00:00; Sporting Jax 2 vs Brave SC @ 2026-07-03T23:00:00+00:00,Sporting Club Jacksonville II,weak_similarity|same_country_common_name,,
AC-0173,oddsportal,Virginia Beach,pinnacle_soccer,Virginia Beach United,soccer,USL League Two,USA,0.9333,both_sides_near,1,Virginia Beach vs Loudoun 2 @ 2026-07-01T23:00:00+00:00,Virginia Beach United,same_country_common_name|city_club_ambiguity|known_false_pattern,,
AC-0174,oddsportal,West Chester Utd,pinnacle_soccer,West Chester United,soccer,USL League Two,USA,0.9684,single_side_nearmiss,1,West Chester Utd vs Delaware @ 2026-07-03T23:30:00+00:00,West Chester United,same_country_common_name,,
AC-0175,oddsportal,Manningham United Blues,pinnacle_soccer,Manningham United,soccer,Victoria Premier League,Australia,0.9478,single_side_nearmiss,1,North Sunshine Eagles vs Manningham United Blues @ 2026-07-04T05:00:00+00:00,Manningham United,same_country_common_name|city_club_ambiguity,,
AC-0176,oddsportal,Manningham United Blues,pinnacle_soccer,North Lakes United,soccer,Victoria Premier League,Australia,0.5906,both_sides_near,1,North Sunshine Eagles vs Manningham United Blues @ 2026-07-04T05:00:00+00:00,North Lakes United,weak_similarity|same_country_common_name,,
AC-0177,oddsportal,Manningham United Blues,pinnacle_soccer,Redlands United,soccer,Victoria Premier League,Australia,0.5341,both_sides_near,1,North Sunshine Eagles vs Manningham United Blues @ 2026-07-04T05:00:00+00:00,Redlands United,weak_similarity|same_country_common_name,,
AC-0178,oddsportal,Manningham United Blues,pinnacle_soccer,Springfield United,soccer,Victoria Premier League,Australia,0.5906,both_sides_near,1,North Sunshine Eagles vs Manningham United Blues @ 2026-07-04T05:00:00+00:00,Springfield United,weak_similarity|same_country_common_name,,
AC-0179,oddsportal,North Geelong,pinnacle_soccer,North Geelong Warriors,soccer,Victoria Premier League,Australia,0.9182,both_sides_near,1,North Geelong vs Port Melbourne Sharks @ 2026-07-04T07:00:00+00:00,North Geelong Warriors,same_country_common_name|city_club_ambiguity,,
AC-0180,oddsportal,North Sunshine Eagles,pinnacle_soccer,North Brisbane,soccer,Victoria Premier League,Australia,0.8165,both_sides_near,1,North Sunshine Eagles vs Manningham United Blues @ 2026-07-04T05:00:00+00:00,North Brisbane,weak_similarity|same_country_common_name,,
AC-0181,oddsportal,North Sunshine Eagles,pinnacle_soccer,North Star,soccer,Victoria Premier League,Australia,0.8362,both_sides_near,1,North Sunshine Eagles vs Manningham United Blues @ 2026-07-04T05:00:00+00:00,North Star,weak_similarity|same_country_common_name,,
AC-0182,oddsportal,North Sunshine Eagles,pinnacle_soccer,Yeronga Eagles,soccer,Victoria Premier League,Australia,0.5968,both_sides_near,1,North Sunshine Eagles vs Manningham United Blues @ 2026-07-04T05:00:00+00:00,Yeronga Eagles,weak_similarity|same_country_common_name,,
AC-0183,oddsportal,Port Melbourne Sharks,pinnacle_soccer,Port Melbourne,soccer,Victoria Premier League,Australia,0.9333,both_sides_near,1,North Geelong vs Port Melbourne Sharks @ 2026-07-04T07:00:00+00:00,Port Melbourne,city_club_ambiguity,,
AC-0184,oddsportal,Box Hill,pinnacle_soccer,Box Hill United,soccer,Victoria Premier League 2,Australia,0.9067,single_side_nearmiss,2,Box Hill vs Kingston City @ 2026-06-19T09:30:00+00:00; Box Hill vs Whittlesea United @ 2026-07-03T09:30:00+00:00,Box Hill United,same_country_common_name|city_club_ambiguity|known_false_pattern,,
AC-0185,oddsportal,Malvern,pinnacle_soccer,Malvern City,soccer,Victoria Premier League 2,Australia,0.9167,single_side_nearmiss,1,Malvern vs Eastern Lions @ 2026-07-04T07:00:00+00:00,Malvern City,same_country_common_name|city_club_ambiguity|known_false_pattern,,
AC-0186,oddsportal,Springvale,pinnacle_soccer,Springvale White Eagles,soccer,Victoria Premier League 2,Australia,0.8870,single_side_nearmiss,2,Eastern Lions vs Springvale @ 2026-06-19T09:45:00+00:00; Springvale vs Keilor Park @ 2026-07-03T10:30:00+00:00,Springvale White Eagles,weak_similarity|same_country_common_name|city_club_ambiguity,approve,Springvale White Eagles is the only Springvale club in either namespace; alias exact-match; 2 distinct exact fixtures
AC-0187,oddsportal,Arsenal Dzerzhinsk,pinnacle_soccer,Arsenal Dzyarzhynsk,soccer,Vysshaya Liga,Belarus,0.9462,single_side_nearmiss,1,Neman vs Arsenal Dzerzhinsk @ 2026-07-04T15:00:00+00:00,Arsenal Dzyarzhynsk,,,
AC-0188,oddsportal,BATE,pinnacle_soccer,BATE Borisov,soccer,Vysshaya Liga,Belarus,0.8667,single_side_nearmiss,1,BATE vs FC Gomel @ 2026-07-02T15:00:00+00:00,BATE Borisov,weak_similarity|city_club_ambiguity,,
AC-0189,oddsportal,Baranovici,pinnacle_soccer,Baranovichi,soccer,Vysshaya Liga,Belarus,0.9818,both_sides_near,1,Naftan vs Baranovici @ 2026-06-19T15:00:00+00:00,Baranovichi,,,
AC-0190,oddsportal,Din. Minsk,pinnacle_soccer,Dinamo Minsk,soccer,Vysshaya Liga,Belarus,0.9157,single_side_nearmiss,1,FC Minsk vs Din. Minsk @ 2026-07-02T17:00:00+00:00,Dinamo Minsk,,,
AC-0191,oddsportal,Din. Minsk,pinnacle_soccer,Minsk,soccer,Vysshaya Liga,Belarus,0.5407,both_sides_near,1,FC Minsk vs Din. Minsk @ 2026-07-02T17:00:00+00:00,Minsk,weak_similarity|city_club_ambiguity,,
AC-0192,oddsportal,Dynamo Brest,pinnacle_soccer,Dinamo Brest,soccer,Vysshaya Liga,Belarus,0.9500,both_sides_near,1,Naftan vs Dynamo Brest @ 2026-07-03T13:00:00+00:00,Dinamo Brest,known_false_pattern,,
AC-0193,oddsportal,FC Minsk,pinnacle_soccer,Dinamo Minsk,soccer,Vysshaya Liga,Belarus,0.4500,both_sides_near,1,FC Minsk vs Din. Minsk @ 2026-07-02T17:00:00+00:00,Dinamo Minsk,weak_similarity|city_club_ambiguity|known_false_pattern,,
AC-0194,oddsportal,ML Vitebsk,pinnacle_soccer,Maxline Vitebsk,soccer,Vysshaya Liga,Belarus,0.8250,single_side_nearmiss,1,Slavia Mozyr vs ML Vitebsk @ 2026-07-01T17:30:00+00:00,Maxline Vitebsk,weak_similarity,,
AC-0195,oddsportal,Naftan,pinnacle_soccer,Naftan Novopolotsk,soccer,Vysshaya Liga,Belarus,0.8667,both_sides_near,2,Naftan vs Baranovici @ 2026-06-19T15:00:00+00:00; Naftan vs Dynamo Brest @ 2026-07-03T13:00:00+00:00,Naftan Novopolotsk,weak_similarity|city_club_ambiguity,approve,Naftan Novopolotsk unique; 2 distinct exact-kickoff fixtures (opponent forms Baranovici/Dynamo Brest are that fixture's own near-forms)
AC-0196,oddsportal,Curtin Univ,pinnacle_soccer,Curtin University,soccer,WA State League,Australia,0.9294,single_side_nearmiss,1,Curtin Univ vs Cockburn City @ 2026-07-04T07:00:00+00:00,Curtin University,same_country_common_name,,
AC-0197,oddsportal,Inglewood Utd,pinnacle_soccer,Inglewood United,soccer,WA State League,Australia,0.9625,single_side_nearmiss,1,Inglewood Utd vs Subiaco @ 2026-07-04T07:00:00+00:00,Inglewood United,same_country_common_name,,
AC-0198,oddsportal,Murdoch Melville,pinnacle_soccer,Murdoch University Melville,soccer,WA State League,Australia,0.8810,single_side_nearmiss,1,Murdoch Melville vs Floreat Athena @ 2026-07-04T07:00:00+00:00,Murdoch University Melville,weak_similarity|same_country_common_name|city_club_ambiguity,,
AC-0199,oddsportal,Klubi 04,pinnacle_soccer,HJK Klubi 04,soccer,Ykkosliiga,Finland,0.7847,single_side_nearmiss,1,Klubi 04 vs SJK Akatemia @ 2026-06-26T16:00:00+00:00,HJK Klubi 04,weak_similarity|city_club_ambiguity,,
AC-0200,oddsportal,Mikkeli,pinnacle_soccer,Mikkelin Palloilijat,soccer,Ykkosliiga,Finland,0.8700,single_side_nearmiss,1,PK-35 vs Mikkeli @ 2026-06-26T16:00:00+00:00,Mikkelin Palloilijat,weak_similarity,,
AC-0201,oddsportal,baillyg a,pinnacle_tennis,bailly g,tennis,ATP Wimbledon,United Kingdom,0.9528,both_sides_near,1,Bailly G. A. vs Martin Tiffon P. @ 2026-06-22T14:15:00+00:00,bailly g,,,
AC-0202,oddsportal,baillyg a,pinnacle_tennis,hesse a,tennis,ATP Wimbledon,United Kingdom,0.5026,both_sides_near,1,Bailly G. A. vs Martin Tiffon P. @ 2026-06-22T14:15:00+00:00,hesse a,weak_similarity,,
AC-0203,oddsportal,baillyg a,pinnacle_tennis,ruzic a,tennis,ATP Wimbledon,United Kingdom,0.5873,both_sides_near,1,Bailly G. A. vs Martin Tiffon P. @ 2026-06-22T14:15:00+00:00,ruzic a,weak_similarity,,
AC-0204,oddsportal,barriosvera t,pinnacle_tennis,compagnucci t,tennis,ATP Wimbledon,United Kingdom,0.4551,both_sides_near,1,Cecchinato M. vs Barrios Vera T. @ 2026-06-22T15:20:00+00:00,compagnucci t,weak_similarity,,
AC-0205,oddsportal,barriosvera t,pinnacle_tennis,torres t,tennis,ATP Wimbledon,United Kingdom,0.7092,both_sides_near,1,Jubb P. vs Barrios Vera T. @ 2026-06-24T10:00:00+00:00,torres t,weak_similarity,,
AC-0206,oddsportal,barriosvera t,pinnacle_tennis,vera t,tennis,ATP Wimbledon,United Kingdom,0.3291,single_side_nearmiss,2,Cecchinato M. vs Barrios Vera T. @ 2026-06-22T15:20:00+00:00; Jubb P. vs Barrios Vera T. @ 2026-06-24T10:00:00+00:00,vera t,weak_similarity,,
AC-0207,oddsportal,bautistaagut r,pinnacle_tennis,agut r,tennis,ATP Wimbledon,United Kingdom,0.5714,single_side_nearmiss,1,Bautista-Agut R. vs Fonseca J. @ 2026-06-29T13:05:00+00:00,agut r,weak_similarity,,
AC-0208,oddsportal,bautistaagut r,pinnacle_tennis,hijikata r,tennis,ATP Wimbledon,United Kingdom,0.5929,both_sides_near,1,Bautista-Agut R. vs Fonseca J. @ 2026-06-29T13:05:00+00:00,hijikata r,weak_similarity,,
AC-0209,oddsportal,boyer t,pinnacle_tennis,skatov t,tennis,ATP Wimbledon,United Kingdom,0.4345,both_sides_near,1,Boyer T. vs Olivieri G. A. @ 2026-06-22T13:50:00+00:00,skatov t,weak_similarity,,
AC-0210,oddsportal,budkovkjaer n,pinnacle_tennis,arakawa n,tennis,ATP Wimbledon,United Kingdom,0.5840,both_sides_near,1,Budkov Kjaer N. vs Dodig M. @ 2026-06-24T10:00:00+00:00,arakawa n,weak_similarity,,
AC-0211,oddsportal,budkovkjaer n,pinnacle_tennis,kjaer n,tennis,ATP Wimbledon,United Kingdom,0.4066,both_sides_near,2,Budkov Kjaer N. vs Reis Da Silva J. @ 2026-06-22T13:30:00+00:00; Budkov Kjaer N. vs Virtanen O. @ 2026-06-25T12:45:00+00:00,kjaer n,weak_similarity,approve,Nikolaj Budkov Kjaer; 'kjaer' unique on tour; same initial N; 2 distinct fixtures
AC-0212,oddsportal,budkovkjaer n,pinnacle_tennis,martens n,tennis,ATP Wimbledon,United Kingdom,0.5214,both_sides_near,1,Budkov Kjaer N. vs Virtanen O. @ 2026-06-25T12:45:00+00:00,martens n,weak_similarity,,
AC-0213,oddsportal,budkovkjaer n,pinnacle_tennis,mikovic n,tennis,ATP Wimbledon,United Kingdom,0.6467,both_sides_near,1,Budkov Kjaer N. vs Dodig M. @ 2026-06-24T10:00:00+00:00,mikovic n,weak_similarity,,
AC-0214,oddsportal,budkovkjaer n,pinnacle_tennis,tepmahc n,tennis,ATP Wimbledon,United Kingdom,0.5214,both_sides_near,1,Budkov Kjaer N. vs Dodig M. @ 2026-06-24T10:00:00+00:00,tepmahc n,weak_similarity,,
AC-0215,oddsportal,burruchagar a,pinnacle_tennis,blockx a,tennis,ATP Wimbledon,United Kingdom,0.5673,both_sides_near,1,De Minaur A. vs Burruchaga R. A. @ 2026-06-30T11:30:00+00:00,blockx a,weak_similarity,,
AC-0216,oddsportal,burruchagar a,pinnacle_tennis,burruchaga r,tennis,ATP Wimbledon,United Kingdom,0.9679,both_sides_near,1,De Minaur A. vs Burruchaga R. A. @ 2026-06-30T11:30:00+00:00,burruchaga r,,,
AC-0217,oddsportal,burruchagar a,pinnacle_tennis,colombo a,tennis,ATP Wimbledon,United Kingdom,0.4174,both_sides_near,1,De Minaur A. vs Burruchaga R. A. @ 2026-06-30T11:30:00+00:00,colombo a,weak_similarity,,
AC-0218,oddsportal,burruchagar a,pinnacle_tennis,garcia a,tennis,ATP Wimbledon,United Kingdom,0.6032,both_sides_near,1,De Minaur A. vs Burruchaga R. A. @ 2026-06-30T11:30:00+00:00,garcia a,weak_similarity|same_country_common_name,,
AC-0219,oddsportal,burruchagar a,pinnacle_tennis,kubareva a,tennis,ATP Wimbledon,United Kingdom,0.6509,both_sides_near,1,De Minaur A. vs Burruchaga R. A. @ 2026-06-30T11:30:00+00:00,kubareva a,weak_similarity,,
AC-0220,oddsportal,burruchagar a,pinnacle_tennis,yazdani a,tennis,ATP Wimbledon,United Kingdom,0.4103,both_sides_near,1,De Minaur A. vs Burruchaga R. A. @ 2026-06-30T11:30:00+00:00,yazdani a,weak_similarity,,
AC-0221,oddsportal,burruchagar a,pinnacle_tennis,zverev a,tennis,ATP Wimbledon,United Kingdom,0.4241,both_sides_near,1,De Minaur A. vs Burruchaga R. A. @ 2026-06-30T11:30:00+00:00,zverev a,weak_similarity,,
AC-0222,oddsportal,carballesbaena r,pinnacle_tennis,aouni r,tennis,ATP Wimbledon,United Kingdom,0.4702,both_sides_near,1,McDonald M. vs Carballes Baena R. @ 2026-06-24T11:30:00+00:00,aouni r,weak_similarity,,
AC-0223,oddsportal,carballesbaena r,pinnacle_tennis,baena r,tennis,ATP Wimbledon,United Kingdom,0.5423,single_side_nearmiss,2,Ceban M. vs Carballes Baena R. @ 2026-06-22T15:40:00+00:00; McDonald M. vs Carballes Baena R. @ 2026-06-24T11:30:00+00:00,baena r,weak_similarity,,
AC-0224,oddsportal,carballesbaena r,pinnacle_tennis,ferra r,tennis,ATP Wimbledon,United Kingdom,0.4276,both_sides_near,1,McDonald M. vs Carballes Baena R. @ 2026-06-24T11:30:00+00:00,ferra r,weak_similarity,,
AC-0225,oddsportal,carrenobusta p,pinnacle_tennis,busta p,tennis,ATP Wimbledon,United Kingdom,0.4048,single_side_nearmiss,1,Shapovalov D. vs Carreno-Busta P. @ 2026-06-29T10:05:00+00:00,busta p,weak_similarity,,
AC-0226,oddsportal,carrenobusta p,pinnacle_tennis,henning p,tennis,ATP Wimbledon,United Kingdom,0.5767,both_sides_near,1,Shapovalov D. vs Carreno-Busta P. @ 2026-06-29T10:05:00+00:00,henning p,weak_similarity,,
AC-0227,oddsportal,carrenobusta p,pinnacle_tennis,makk p,tennis,ATP Wimbledon,United Kingdom,0.4127,both_sides_near,1,Shapovalov D. vs Carreno-Busta P. @ 2026-06-29T10:05:00+00:00,makk p,weak_similarity,,
AC-0228,oddsportal,cecchinato m,pinnacle_tennis,mrva m,tennis,ATP Wimbledon,United Kingdom,0.4167,both_sides_near,1,Cecchinato M. vs Barrios Vera T. @ 2026-06-22T15:20:00+00:00,mrva m,weak_similarity,,
AC-0229,oddsportal,cerundoloj m,pinnacle_tennis,cerundolo j,tennis,ATP Wimbledon,United Kingdom,0.9652,both_sides_near,1,Davidovich Fokina A. vs Cerundolo J. M. @ 2026-06-29T15:45:00+00:00,cerundolo j,same_country_common_name,,
AC-0230,oddsportal,cerundoloj m,pinnacle_tennis,frech m,tennis,ATP Wimbledon,United Kingdom,0.6437,both_sides_near,1,Davidovich Fokina A. vs Cerundolo J. M. @ 2026-06-29T15:45:00+00:00,frech m,weak_similarity,,
AC-0231,oddsportal,cerundoloj m,pinnacle_tennis,imamura m,tennis,ATP Wimbledon,United Kingdom,0.5093,both_sides_near,1,Davidovich Fokina A. vs Cerundolo J. M. @ 2026-06-29T15:45:00+00:00,imamura m,weak_similarity,,
AC-0232,oddsportal,cerundoloj m,pinnacle_tennis,kasnikowski m,tennis,ATP Wimbledon,United Kingdom,0.5470,both_sides_near,1,Davidovich Fokina A. vs Cerundolo J. M. @ 2026-06-29T15:45:00+00:00,kasnikowski m,weak_similarity,,
AC-0233,oddsportal,dar b,pinnacle_tennis,artnak b,tennis,ATP Wimbledon,United Kingdom,0.6667,both_sides_near,1,Sweeny D. vs Blanch Dar. @ 2026-06-24T10:00:00+00:00,artnak b,weak_similarity,,
AC-0234,oddsportal,dar b,pinnacle_tennis,gojo b,tennis,ATP Wimbledon,United Kingdom,0.0000,both_sides_near,1,Blanch Dar. vs Jianu F. C. @ 2026-06-22T12:55:00+00:00,gojo b,weak_similarity,,
AC-0235,oddsportal,davidovichfokina a,pinnacle_tennis,alhogbani a,tennis,ATP Wimbledon,United Kingdom,0.5560,both_sides_near,1,Davidovich Fokina A. vs Marozsan F. @ 2026-07-01T12:05:00+00:00,alhogbani a,weak_similarity,,
AC-0236,oddsportal,davidovichfokina a,pinnacle_tennis,andrade a,tennis,ATP Wimbledon,United Kingdom,0.4722,both_sides_near,1,Davidovich Fokina A. vs Cerundolo J. M. @ 2026-06-29T15:45:00+00:00,andrade a,weak_similarity,,
AC-0237,oddsportal,davidovichfokina a,pinnacle_tennis,fenty a,tennis,ATP Wimbledon,United Kingdom,0.3995,both_sides_near,1,Davidovich Fokina A. vs Cerundolo J. M. @ 2026-06-29T15:45:00+00:00,fenty a,weak_similarity,,
AC-0238,oddsportal,davidovichfokina a,pinnacle_tennis,fokina a,tennis,ATP Wimbledon,United Kingdom,0.4907,both_sides_near,3,Davidovich Fokina A. vs Cerundolo J. M. @ 2026-06-29T15:45:00+00:00; Davidovich Fokina A. vs Marozsan F. @ 2026-07-01T12:05:00+00:00,fokina a,weak_similarity|same_country_common_name,approve,Alejandro Davidovich Fokina; 'fokina' unique; same initial A; 3 fixtures / 2 distinct
AC-0239,oddsportal,davidovichfokina a,pinnacle_tennis,forger a,tennis,ATP Wimbledon,United Kingdom,0.2870,both_sides_near,1,Davidovich Fokina A. vs Fucsovics M. @ 2026-07-03T15:00:00+00:00,forger a,weak_similarity,,
AC-0240,oddsportal,davidovichfokina a,pinnacle_tennis,kalinskaya a,tennis,ATP Wimbledon,United Kingdom,0.5556,both_sides_near,1,Davidovich Fokina A. vs Cerundolo J. M. @ 2026-06-29T15:45:00+00:00,kalinskaya a,weak_similarity,,
AC-0241,oddsportal,davidovichfokina a,pinnacle_tennis,khromacheva a,tennis,ATP Wimbledon,United Kingdom,0.6033,both_sides_near,1,Davidovich Fokina A. vs Fucsovics M. @ 2026-07-03T15:00:00+00:00,khromacheva a,weak_similarity,,
AC-0242,oddsportal,davidovichfokina a,pinnacle_tennis,magadan a,tennis,ATP Wimbledon,United Kingdom,0.4722,both_sides_near,1,Davidovich Fokina A. vs Fucsovics M. @ 2026-07-03T15:00:00+00:00,magadan a,weak_similarity,,
AC-0243,oddsportal,davidovichfokina a,pinnacle_tennis,mchich a,tennis,ATP Wimbledon,United Kingdom,0.4074,both_sides_near,1,Davidovich Fokina A. vs Marozsan F. @ 2026-07-01T12:05:00+00:00,mchich a,weak_similarity,,
AC-0244,oddsportal,davidovichfokina a,pinnacle_tennis,missoum a,tennis,ATP Wimbledon,United Kingdom,0.3333,both_sides_near,1,Davidovich Fokina A. vs Marozsan F. @ 2026-07-01T12:05:00+00:00,missoum a,weak_similarity,,
AC-0245,oddsportal,davidovichfokina a,pinnacle_tennis,nedic a,tennis,ATP Wimbledon,United Kingdom,0.4729,both_sides_near,1,Davidovich Fokina A. vs Marozsan F. @ 2026-07-01T12:05:00+00:00,nedic a,weak_similarity,,
AC-0246,oddsportal,davidovichfokina a,pinnacle_tennis,smejkalova a,tennis,ATP Wimbledon,United Kingdom,0.5860,both_sides_near,1,Davidovich Fokina A. vs Fucsovics M. @ 2026-07-03T15:00:00+00:00,smejkalova a,weak_similarity,,
AC-0247,oddsportal,davidovichfokina a,pinnacle_tennis,sobolieva a,tennis,ATP Wimbledon,United Kingdom,0.5322,both_sides_near,1,Davidovich Fokina A. vs Fucsovics M. @ 2026-07-03T15:00:00+00:00,sobolieva a,weak_similarity,,
AC-0248,oddsportal,dejong j,pinnacle_tennis,fonseca j,tennis,ATP Wimbledon,United Kingdom,0.6269,both_sides_near,1,De Jong J. vs Fonseca J. @ 2026-07-01T14:15:00+00:00,fonseca j,weak_similarity,,
AC-0249,oddsportal,dejong j,pinnacle_tennis,forejtek j,tennis,ATP Wimbledon,United Kingdom,0.6083,both_sides_near,1,De Jong J. vs Hijikata R. @ 2026-06-30T12:30:00+00:00,forejtek j,weak_similarity,,
AC-0250,oddsportal,dejong j,pinnacle_tennis,jong j,tennis,ATP Wimbledon,United Kingdom,0.9167,single_side_nearmiss,1,De Jong J. vs Fonseca J. @ 2026-07-01T14:15:00+00:00,jong j,,,
AC-0251,oddsportal,dejong j,pinnacle_tennis,paolini j,tennis,ATP Wimbledon,United Kingdom,0.6481,both_sides_near,1,De Jong J. vs Hijikata R. @ 2026-06-30T12:30:00+00:00,paolini j,weak_similarity|same_country_common_name,,
AC-0252,oddsportal,dejong j,pinnacle_tennis,portugal j,tennis,ATP Wimbledon,United Kingdom,0.6333,both_sides_near,1,De Jong J. vs Hijikata R. @ 2026-06-30T12:30:00+00:00,portugal j,weak_similarity,,
AC-0253,oddsportal,deminaur a,pinnacle_tennis,blockx a,tennis,ATP Wimbledon,United Kingdom,0.3167,both_sides_near,1,De Minaur A. vs Burruchaga R. A. @ 2026-06-30T11:30:00+00:00,blockx a,weak_similarity,,
AC-0254,oddsportal,deminaur a,pinnacle_tennis,colombo a,tennis,ATP Wimbledon,United Kingdom,0.4333,both_sides_near,1,De Minaur A. vs Burruchaga R. A. @ 2026-06-30T11:30:00+00:00,colombo a,weak_similarity,,
AC-0255,oddsportal,deminaur a,pinnacle_tennis,fery a,tennis,ATP Wimbledon,United Kingdom,0.4889,both_sides_near,1,De Minaur A. vs Svajda Z. @ 2026-07-04T10:05:00+00:00,fery a,weak_similarity,,
AC-0256,oddsportal,deminaur a,pinnacle_tennis,frusina a,tennis,ATP Wimbledon,United Kingdom,0.6444,both_sides_near,1,De Minaur A. vs Mannarino A. @ 2026-07-02T10:10:00+00:00,frusina a,weak_similarity,,
AC-0257,oddsportal,deminaur a,pinnacle_tennis,garcia a,tennis,ATP Wimbledon,United Kingdom,0.4667,both_sides_near,1,De Minaur A. vs Burruchaga R. A. @ 2026-06-30T11:30:00+00:00,garcia a,weak_similarity|same_country_common_name,,
AC-0258,oddsportal,deminaur a,pinnacle_tennis,kubareva a,tennis,ATP Wimbledon,United Kingdom,0.5000,both_sides_near,1,De Minaur A. vs Burruchaga R. A. @ 2026-06-30T11:30:00+00:00,kubareva a,weak_similarity,,
AC-0259,oddsportal,deminaur a,pinnacle_tennis,mannarino a,tennis,ATP Wimbledon,United Kingdom,0.7074,both_sides_near,1,De Minaur A. vs Mannarino A. @ 2026-07-02T10:10:00+00:00,mannarino a,weak_similarity,,
AC-0260,oddsportal,deminaur a,pinnacle_tennis,mihalka a,tennis,ATP Wimbledon,United Kingdom,0.6185,both_sides_near,1,De Minaur A. vs Mannarino A. @ 2026-07-02T10:10:00+00:00,mihalka a,weak_similarity,,
AC-0261,oddsportal,deminaur a,pinnacle_tennis,minaur a,tennis,ATP Wimbledon,United Kingdom,0.9333,both_sides_near,3,De Minaur A. vs Burruchaga R. A. @ 2026-06-30T11:30:00+00:00; De Minaur A. vs Mannarino A. @ 2026-07-02T10:10:00+00:00,minaur a,,approve,"Alex de Minaur; unique surname; same initial A; unflagged, 3 fixtures / 2 distinct"
AC-0262,oddsportal,deminaur a,pinnacle_tennis,mujakic a,tennis,ATP Wimbledon,United Kingdom,0.6185,both_sides_near,1,De Minaur A. vs Mannarino A. @ 2026-07-02T10:10:00+00:00,mujakic a,weak_similarity,,
AC-0263,oddsportal,deminaur a,pinnacle_tennis,nagy a,tennis,ATP Wimbledon,United Kingdom,0.6889,both_sides_near,1,De Minaur A. vs Mannarino A. @ 2026-07-02T10:10:00+00:00,nagy a,weak_similarity,,
AC-0264,oddsportal,deminaur a,pinnacle_tennis,paolini a,tennis,ATP Wimbledon,United Kingdom,0.5852,both_sides_near,1,De Minaur A. vs Mannarino A. @ 2026-07-02T10:10:00+00:00,paolini a,weak_similarity|same_country_common_name,,
AC-0265,oddsportal,deminaur a,pinnacle_tennis,pisaric a,tennis,ATP Wimbledon,United Kingdom,0.6852,both_sides_near,1,De Minaur A. vs Mannarino A. @ 2026-07-02T10:10:00+00:00,pisaric a,weak_similarity,,
AC-0266,oddsportal,deminaur a,pinnacle_tennis,yazdani a,tennis,ATP Wimbledon,United Kingdom,0.6722,both_sides_near,1,De Minaur A. vs Burruchaga R. A. @ 2026-06-30T11:30:00+00:00,yazdani a,weak_similarity,,
AC-0267,oddsportal,deminaur a,pinnacle_tennis,zverev a,tennis,ATP Wimbledon,United Kingdom,0.5083,both_sides_near,1,De Minaur A. vs Burruchaga R. A. @ 2026-06-30T11:30:00+00:00,zverev a,weak_similarity,,
AC-0268,oddsportal,denouden g,pinnacle_tennis,ouden g,tennis,ATP Wimbledon,United Kingdom,0.7810,single_side_nearmiss,1,Den Ouden G. vs Zhou Y. @ 2026-06-22T13:05:00+00:00,ouden g,weak_similarity,,
AC-0269,oddsportal,diazacosta f,pinnacle_tennis,acosta f,tennis,ATP Wimbledon,United Kingdom,0.7847,single_side_nearmiss,1,Diaz Acosta F. vs Galarneau A. @ 2026-06-22T13:45:00+00:00,acosta f,weak_similarity,,
AC-0270,oddsportal,diazacosta f,pinnacle_tennis,comesana f,tennis,ATP Wimbledon,United Kingdom,0.6421,both_sides_near,1,Diaz Acosta F. vs Galarneau A. @ 2026-06-22T13:45:00+00:00,comesana f,weak_similarity,,
AC-0271,oddsportal,diazacosta f,pinnacle_tennis,marozsan f,tennis,ATP Wimbledon,United Kingdom,0.6659,both_sides_near,1,Diaz Acosta F. vs Galarneau A. @ 2026-06-22T13:45:00+00:00,marozsan f,weak_similarity,,
AC-0272,oddsportal,dodig m,pinnacle_tennis,aikawa m,tennis,ATP Wimbledon,United Kingdom,0.6012,both_sides_near,1,Budkov Kjaer N. vs Dodig M. @ 2026-06-24T10:00:00+00:00,aikawa m,weak_similarity,,
AC-0273,oddsportal,dodig m,pinnacle_tennis,anavatan m,tennis,ATP Wimbledon,United Kingdom,0.4952,both_sides_near,1,Budkov Kjaer N. vs Dodig M. @ 2026-06-24T10:00:00+00:00,anavatan m,weak_similarity,,
AC-0274,oddsportal,dodig m,pinnacle_tennis,basing m,tennis,ATP Wimbledon,United Kingdom,0.6905,both_sides_near,1,Dodig M. vs Ferreira Silva F. @ 2026-06-22T14:35:00+00:00,basing m,weak_similarity|same_country_common_name,,
AC-0275,oddsportal,dodig m,pinnacle_tennis,figl m,tennis,ATP Wimbledon,United Kingdom,0.7460,both_sides_near,1,Budkov Kjaer N. vs Dodig M. @ 2026-06-24T10:00:00+00:00,figl m,weak_similarity,,
AC-0276,oddsportal,dodig m,pinnacle_tennis,mcdonald m,tennis,ATP Wimbledon,United Kingdom,0.6571,both_sides_near,1,Dodig M. vs Ferreira Silva F. @ 2026-06-22T14:35:00+00:00,mcdonald m,weak_similarity,,
AC-0277,oddsportal,etcheverryt m,pinnacle_tennis,eceolaza m,tennis,ATP Wimbledon,United Kingdom,0.6654,both_sides_near,1,Sonego L. vs Etcheverry T. M. @ 2026-06-30T14:40:00+00:00,eceolaza m,weak_similarity,,
AC-0278,oddsportal,etcheverryt m,pinnacle_tennis,etcheverry t,tennis,ATP Wimbledon,United Kingdom,0.9679,single_side_nearmiss,1,Sonego L. vs Etcheverry T. M. @ 2026-06-30T14:40:00+00:00,etcheverry t,,,
AC-0279,oddsportal,etcheverryt m,pinnacle_tennis,mettraux m,tennis,ATP Wimbledon,United Kingdom,0.6282,both_sides_near,1,Sonego L. vs Etcheverry T. M. @ 2026-06-30T14:40:00+00:00,mettraux m,weak_similarity|same_country_common_name,,
AC-0280,oddsportal,ferreirasilva f,pinnacle_tennis,alves f,tennis,ATP Wimbledon,United Kingdom,0.3762,both_sides_near,1,Dodig M. vs Ferreira Silva F. @ 2026-06-22T14:35:00+00:00,alves f,weak_similarity,,
AC-0281,oddsportal,ferreirasilva f,pinnacle_tennis,maestrelli f,tennis,ATP Wimbledon,United Kingdom,0.6537,both_sides_near,1,Dodig M. vs Ferreira Silva F. @ 2026-06-22T14:35:00+00:00,maestrelli f,weak_similarity,,
AC-0282,oddsportal,ferreirasilva f,pinnacle_tennis,silva f,tennis,ATP Wimbledon,United Kingdom,0.3762,single_side_nearmiss,1,Dodig M. vs Ferreira Silva F. @ 2026-06-22T14:35:00+00:00,silva f,weak_similarity,,
AC-0283,oddsportal,fonseca j,pinnacle_tennis,jong j,tennis,ATP Wimbledon,United Kingdom,0.7037,both_sides_near,2,Bautista-Agut R. vs Fonseca J. @ 2026-06-29T13:05:00+00:00; De Jong J. vs Fonseca J. @ 2026-07-01T14:15:00+00:00,jong j,weak_similarity,reject,Joao Fonseca vs Jong J. — different players (doubles/coincidence pairing)
AC-0284,oddsportal,fucsovics m,pinnacle_tennis,almeida m,tennis,ATP Wimbledon,United Kingdom,0.5354,both_sides_near,1,Davidovich Fokina A. vs Fucsovics M. @ 2026-07-03T15:00:00+00:00,almeida m,weak_similarity,,
AC-0285,oddsportal,fucsovics m,pinnacle_tennis,balciunas m,tennis,ATP Wimbledon,United Kingdom,0.6136,both_sides_near,1,Davidovich Fokina A. vs Fucsovics M. @ 2026-07-03T15:00:00+00:00,balciunas m,weak_similarity,,
AC-0286,oddsportal,fucsovics m,pinnacle_tennis,ercan m,tennis,ATP Wimbledon,United Kingdom,0.5671,both_sides_near,1,Davidovich Fokina A. vs Fucsovics M. @ 2026-07-03T15:00:00+00:00,ercan m,weak_similarity,,
AC-0287,oddsportal,fucsovics m,pinnacle_tennis,shnaider m,tennis,ATP Wimbledon,United Kingdom,0.5879,both_sides_near,1,Davidovich Fokina A. vs Fucsovics M. @ 2026-07-03T15:00:00+00:00,shnaider m,weak_similarity,,
AC-0288,oddsportal,fucsovics m,pinnacle_tennis,taborda m,tennis,ATP Wimbledon,United Kingdom,0.5354,both_sides_near,1,Davidovich Fokina A. vs Fucsovics M. @ 2026-07-03T15:00:00+00:00,taborda m,weak_similarity,,
AC-0289,oddsportal,galarneau a,pinnacle_tennis,canas a,tennis,ATP Wimbledon,United Kingdom,0.5896,both_sides_near,1,Diaz Acosta F. vs Galarneau A. @ 2026-06-22T13:45:00+00:00,canas a,weak_similarity,,
AC-0290,oddsportal,galarneau a,pinnacle_tennis,molcan a,tennis,ATP Wimbledon,United Kingdom,0.5265,both_sides_near,1,Diaz Acosta F. vs Galarneau A. @ 2026-06-22T13:45:00+00:00,molcan a,weak_similarity,,
AC-0291,oddsportal,hijikata r,pinnacle_tennis,leal r,tennis,ATP Wimbledon,United Kingdom,0.6000,both_sides_near,1,De Jong J. vs Hijikata R. @ 2026-06-30T12:30:00+00:00,leal r,weak_similarity,,
AC-0292,oddsportal,hijikata r,pinnacle_tennis,montgomery r,tennis,ATP Wimbledon,United Kingdom,0.4056,both_sides_near,1,De Jong J. vs Hijikata R. @ 2026-06-30T12:30:00+00:00,montgomery r,weak_similarity|same_country_common_name,,
AC-0293,oddsportal,hijikata r,pinnacle_tennis,nijboer r,tennis,ATP Wimbledon,United Kingdom,0.5315,both_sides_near,1,De Jong J. vs Hijikata R. @ 2026-06-30T12:30:00+00:00,nijboer r,weak_similarity,,
AC-0294,oddsportal,jianuf c,pinnacle_tennis,wong c,tennis,ATP Wimbledon,United Kingdom,0.6250,both_sides_near,1,Blanch Dar. vs Jianu F. C. @ 2026-06-22T12:55:00+00:00,wong c,weak_similarity,,
AC-0295,oddsportal,jubb p,pinnacle_tennis,gomez p,tennis,ATP Wimbledon,United Kingdom,0.5397,both_sides_near,1,Jubb P. vs Barrios Vera T. @ 2026-06-24T10:00:00+00:00,gomez p,weak_similarity,,
AC-0296,oddsportal,kwon s,pinnacle_tennis,balan s,tennis,ATP Wimbledon,United Kingdom,0.6429,both_sides_near,1,Moro Canas A. vs Kwon S. @ 2026-06-25T12:40:00+00:00,balan s,weak_similarity,,
AC-0297,oddsportal,kwon s,pinnacle_tennis,broadus s,tennis,ATP Wimbledon,United Kingdom,0.5000,both_sides_near,1,Moro Canas A. vs Kwon S. @ 2026-06-25T12:40:00+00:00,broadus s,weak_similarity,,
AC-0298,oddsportal,kwon s,pinnacle_tennis,greiner s,tennis,ATP Wimbledon,United Kingdom,0.6111,both_sides_near,1,Moro Canas A. vs Kwon S. @ 2026-06-25T12:40:00+00:00,greiner s,weak_similarity,,
AC-0299,oddsportal,kwon s,pinnacle_tennis,rocchetti s,tennis,ATP Wimbledon,United Kingdom,0.4192,both_sides_near,1,Moro Canas A. vs Kwon S. @ 2026-06-25T12:40:00+00:00,rocchetti s,weak_similarity,,
AC-0300,oddsportal,llamasruiz p,pinnacle_tennis,karthik p,tennis,ATP Wimbledon,United Kingdom,0.6574,both_sides_near,1,Llamas Ruiz P. vs Martin Tiffon P. @ 2026-06-24T10:00:00+00:00,karthik p,weak_similarity,,
AC-0301,oddsportal,llamasruiz p,pinnacle_tennis,lange p,tennis,ATP Wimbledon,United Kingdom,0.6714,both_sides_near,1,Llamas Ruiz P. vs Martin Tiffon P. @ 2026-06-24T10:00:00+00:00,lange p,weak_similarity,,
AC-0302,oddsportal,llamasruiz p,pinnacle_tennis,ruiz p,tennis,ATP Wimbledon,United Kingdom,0.0000,single_side_nearmiss,3,Llamas Ruiz P. vs Added D. @ 2026-06-22T13:15:00+00:00; Llamas Ruiz P. vs Martin Tiffon P. @ 2026-06-24T10:00:00+00:00,ruiz p,weak_similarity,,
AC-0303,oddsportal,llamasruiz p,pinnacle_tennis,tiffon p,tennis,ATP Wimbledon,United Kingdom,0.4722,both_sides_near,1,Llamas Ruiz P. vs Martin Tiffon P. @ 2026-06-24T10:00:00+00:00,tiffon p,weak_similarity,,
AC-0304,oddsportal,mannarino a,pinnacle_tennis,frusina a,tennis,ATP Wimbledon,United Kingdom,0.6263,both_sides_near,1,De Minaur A. vs Mannarino A. @ 2026-07-02T10:10:00+00:00,frusina a,weak_similarity,,
AC-0305,oddsportal,mannarino a,pinnacle_tennis,mihalka a,tennis,ATP Wimbledon,United Kingdom,0.7030,both_sides_near,1,De Minaur A. vs Mannarino A. @ 2026-07-02T10:10:00+00:00,mihalka a,weak_similarity,,
AC-0306,oddsportal,mannarino a,pinnacle_tennis,minaur a,tennis,ATP Wimbledon,United Kingdom,0.6636,both_sides_near,1,De Minaur A. vs Mannarino A. @ 2026-07-02T10:10:00+00:00,minaur a,weak_similarity,,
AC-0307,oddsportal,mannarino a,pinnacle_tennis,mujakic a,tennis,ATP Wimbledon,United Kingdom,0.6130,both_sides_near,1,De Minaur A. vs Mannarino A. @ 2026-07-02T10:10:00+00:00,mujakic a,weak_similarity,,
AC-0308,oddsportal,mannarino a,pinnacle_tennis,nagy a,tennis,ATP Wimbledon,United Kingdom,0.4798,both_sides_near,1,De Minaur A. vs Mannarino A. @ 2026-07-02T10:10:00+00:00,nagy a,weak_similarity,,
AC-0309,oddsportal,mannarino a,pinnacle_tennis,paolini a,tennis,ATP Wimbledon,United Kingdom,0.5367,both_sides_near,1,De Minaur A. vs Mannarino A. @ 2026-07-02T10:10:00+00:00,paolini a,weak_similarity|same_country_common_name,,
AC-0310,oddsportal,mannarino a,pinnacle_tennis,pisaric a,tennis,ATP Wimbledon,United Kingdom,0.5367,both_sides_near,1,De Minaur A. vs Mannarino A. @ 2026-07-02T10:10:00+00:00,pisaric a,weak_similarity,,
AC-0311,oddsportal,marozsan f,pinnacle_tennis,augeraliassime f,tennis,ATP Wimbledon,United Kingdom,0.6028,both_sides_near,1,Tirante T. A. vs Marozsan F. @ 2026-06-29T14:45:00+00:00,augeraliassime f,weak_similarity,,
AC-0312,oddsportal,marozsan f,pinnacle_tennis,berini f,tennis,ATP Wimbledon,United Kingdom,0.6333,both_sides_near,1,Davidovich Fokina A. vs Marozsan F. @ 2026-07-01T12:05:00+00:00,berini f,weak_similarity,,
AC-0313,oddsportal,marozsan f,pinnacle_tennis,cina f,tennis,ATP Wimbledon,United Kingdom,0.6000,both_sides_near,1,Tirante T. A. vs Marozsan F. @ 2026-06-29T14:45:00+00:00,cina f,weak_similarity,,
AC-0314,oddsportal,marozsan f,pinnacle_tennis,ferrari f,tennis,ATP Wimbledon,United Kingdom,0.5315,both_sides_near,1,Davidovich Fokina A. vs Marozsan F. @ 2026-07-01T12:05:00+00:00,ferrari f,weak_similarity,,
AC-0315,oddsportal,marozsan f,pinnacle_tennis,roncadelli f,tennis,ATP Wimbledon,United Kingdom,0.5889,both_sides_near,2,Tirante T. A. vs Marozsan F. @ 2026-06-29T14:45:00+00:00; Davidovich Fokina A. vs Marozsan F. @ 2026-07-01T12:05:00+00:00,roncadelli f,weak_similarity,reject,Marozsan F. vs Roncadelli F. — different players
AC-0316,oddsportal,marozsan f,pinnacle_tennis,valle f,tennis,ATP Wimbledon,United Kingdom,0.5762,both_sides_near,1,Davidovich Fokina A. vs Marozsan F. @ 2026-07-01T12:05:00+00:00,valle f,weak_similarity,,
AC-0317,oddsportal,martintiffon p,pinnacle_tennis,karthik p,tennis,ATP Wimbledon,United Kingdom,0.6984,both_sides_near,1,Llamas Ruiz P. vs Martin Tiffon P. @ 2026-06-24T10:00:00+00:00,karthik p,weak_similarity,,
AC-0318,oddsportal,martintiffon p,pinnacle_tennis,lange p,tennis,ATP Wimbledon,United Kingdom,0.4762,both_sides_near,1,Llamas Ruiz P. vs Martin Tiffon P. @ 2026-06-24T10:00:00+00:00,lange p,weak_similarity,,
AC-0319,oddsportal,martintiffon p,pinnacle_tennis,marcinko p,tennis,ATP Wimbledon,United Kingdom,0.8533,both_sides_near,1,Bailly G. A. vs Martin Tiffon P. @ 2026-06-22T14:15:00+00:00,marcinko p,weak_similarity,,
AC-0320,oddsportal,martintiffon p,pinnacle_tennis,martinez c,tennis,ATP Wimbledon,United Kingdom,0.8400,both_sides_near,1,Bailly G. A. vs Martin Tiffon P. @ 2026-06-22T14:15:00+00:00,martinez c,weak_similarity,,
AC-0321,oddsportal,martintiffon p,pinnacle_tennis,ruiz p,tennis,ATP Wimbledon,United Kingdom,0.4921,both_sides_near,1,Llamas Ruiz P. vs Martin Tiffon P. @ 2026-06-24T10:00:00+00:00,ruiz p,weak_similarity,,
AC-0322,oddsportal,martintiffon p,pinnacle_tennis,tiffon p,tennis,ATP Wimbledon,United Kingdom,0.7946,both_sides_near,2,Bailly G. A. vs Martin Tiffon P. @ 2026-06-22T14:15:00+00:00; Llamas Ruiz P. vs Martin Tiffon P. @ 2026-06-24T10:00:00+00:00,tiffon p,weak_similarity,approve,Pol Martin Tiffon; 'tiffon' unique; same initial P; 2 distinct fixtures
AC-0323,oddsportal,mcdonald m,pinnacle_tennis,basing m,tennis,ATP Wimbledon,United Kingdom,0.5500,both_sides_near,1,McDonald M. vs Meligeni Alves F. @ 2026-06-22T16:30:00+00:00,basing m,weak_similarity|same_country_common_name,,
AC-0324,oddsportal,mcdonald m,pinnacle_tennis,dodig m,tennis,ATP Wimbledon,United Kingdom,0.6571,both_sides_near,1,McDonald M. vs Meligeni Alves F. @ 2026-06-22T16:30:00+00:00,dodig m,weak_similarity,,
AC-0325,oddsportal,mcdonald m,pinnacle_tennis,machado m,tennis,ATP Wimbledon,United Kingdom,0.7576,both_sides_near,1,McDonald M. vs Carballes Baena R. @ 2026-06-24T11:30:00+00:00,machado m,weak_similarity,,
AC-0326,oddsportal,mcdonald m,pinnacle_tennis,makhlouf m,tennis,ATP Wimbledon,United Kingdom,0.6850,both_sides_near,1,McDonald M. vs Carballes Baena R. @ 2026-06-24T11:30:00+00:00,makhlouf m,weak_similarity,,
AC-0327,oddsportal,medvedev d,pinnacle_tennis,aguilar d,tennis,ATP Wimbledon,United Kingdom,0.3074,both_sides_near,1,Merida Aguilar D. vs Medvedev D. @ 2026-07-01T13:15:00+00:00,aguilar d,weak_similarity,,
AC-0328,oddsportal,meligenialves f,pinnacle_tennis,alves f,tennis,ATP Wimbledon,United Kingdom,0.3063,single_side_nearmiss,1,McDonald M. vs Meligeni Alves F. @ 2026-06-22T16:30:00+00:00,alves f,weak_similarity,,
AC-0329,oddsportal,meligenialves f,pinnacle_tennis,maestrelli f,tennis,ATP Wimbledon,United Kingdom,0.6850,both_sides_near,1,McDonald M. vs Meligeni Alves F. @ 2026-06-22T16:30:00+00:00,maestrelli f,weak_similarity,,
AC-0330,oddsportal,meligenialves f,pinnacle_tennis,silva f,tennis,ATP Wimbledon,United Kingdom,0.4317,both_sides_near,1,McDonald M. vs Meligeni Alves F. @ 2026-06-22T16:30:00+00:00,silva f,weak_similarity,,
AC-0331,oddsportal,meridaaguilar d,pinnacle_tennis,aguilar d,tennis,ATP Wimbledon,United Kingdom,0.7000,both_sides_near,2,Ugo Carabelli C. vs Merida Aguilar D. @ 2026-06-29T11:50:00+00:00; Merida Aguilar D. vs Medvedev D. @ 2026-07-01T13:15:00+00:00,aguilar d,weak_similarity,,
AC-0332,oddsportal,meridaaguilar d,pinnacle_tennis,medvedev d,tennis,ATP Wimbledon,United Kingdom,0.6889,both_sides_near,1,Merida Aguilar D. vs Medvedev D. @ 2026-07-01T13:15:00+00:00,medvedev d,weak_similarity,,
AC-0333,oddsportal,morocanas a,pinnacle_tennis,breaz a,tennis,ATP Wimbledon,United Kingdom,0.5617,both_sides_near,1,Moro Canas A. vs Kwon S. @ 2026-06-25T12:40:00+00:00,breaz a,weak_similarity,,
AC-0334,oddsportal,morocanas a,pinnacle_tennis,canas a,tennis,ATP Wimbledon,United Kingdom,0.8788,single_side_nearmiss,1,Moro Canas A. vs Kwon S. @ 2026-06-25T12:40:00+00:00,canas a,weak_similarity,,
AC-0335,oddsportal,morocanas a,pinnacle_tennis,firman a,tennis,ATP Wimbledon,United Kingdom,0.6540,both_sides_near,1,Moro Canas A. vs Kwon S. @ 2026-06-25T12:40:00+00:00,firman a,weak_similarity,,
AC-0336,oddsportal,morocanas a,pinnacle_tennis,laboutkova a,tennis,ATP Wimbledon,United Kingdom,0.6263,both_sides_near,1,Moro Canas A. vs Kwon S. @ 2026-06-25T12:40:00+00:00,laboutkova a,weak_similarity,,
AC-0337,oddsportal,morocanas a,pinnacle_tennis,linana a,tennis,ATP Wimbledon,United Kingdom,0.6265,both_sides_near,1,Moro Canas A. vs Kwon S. @ 2026-06-25T12:40:00+00:00,linana a,weak_similarity,,
AC-0338,oddsportal,mpetshiperricard g,pinnacle_tennis,perricard g,tennis,ATP Wimbledon,United Kingdom,0.8401,single_side_nearmiss,1,Hanfmann Y. vs Mpetshi Perricard G. @ 2026-06-30T10:05:00+00:00,perricard g,weak_similarity,,
AC-0339,oddsportal,oconnell c,pinnacle_tennis,carabelli c,tennis,ATP Wimbledon,United Kingdom,0.7152,both_sides_near,1,Schwaerzler J. J. vs O'Connell C. @ 2026-06-22T15:40:00+00:00,carabelli c,weak_similarity,,
AC-0340,oddsportal,olivierig a,pinnacle_tennis,barrena a,tennis,ATP Wimbledon,United Kingdom,0.4360,both_sides_near,1,Boyer T. vs Olivieri G. A. @ 2026-06-22T13:50:00+00:00,barrena a,weak_similarity,,
AC-0341,oddsportal,olivierig a,pinnacle_tennis,olivieri g,tennis,ATP Wimbledon,United Kingdom,0.9618,single_side_nearmiss,1,Boyer T. vs Olivieri G. A. @ 2026-06-22T13:50:00+00:00,olivieri g,,,
AC-0342,oddsportal,reisdasilva j,pinnacle_tennis,silva j,tennis,ATP Wimbledon,United Kingdom,0.4420,both_sides_near,1,Budkov Kjaer N. vs Reis Da Silva J. @ 2026-06-22T13:30:00+00:00,silva j,weak_similarity,,
AC-0343,oddsportal,schwaerzlerj j,pinnacle_tennis,jones j,tennis,ATP Wimbledon,United Kingdom,0.4365,both_sides_near,1,Schwaerzler J. J. vs O'Connell C. @ 2026-06-22T15:40:00+00:00,jones j,weak_similarity|same_country_common_name,,
AC-0344,oddsportal,schwaerzlerj j,pinnacle_tennis,schwaerzler j,tennis,ATP Wimbledon,United Kingdom,0.9703,single_side_nearmiss,1,Schwaerzler J. J. vs O'Connell C. @ 2026-06-22T15:40:00+00:00,schwaerzler j,,,
AC-0345,oddsportal,shapovalov d,pinnacle_tennis,kuzmanov d,tennis,ATP Wimbledon,United Kingdom,0.6389,both_sides_near,1,Shapovalov D. vs Carreno-Busta P. @ 2026-06-29T10:05:00+00:00,kuzmanov d,weak_similarity,,
AC-0346,oddsportal,shapovalov d,pinnacle_tennis,stricker d,tennis,ATP Wimbledon,United Kingdom,0.5650,both_sides_near,1,Shapovalov D. vs Carreno-Busta P. @ 2026-06-29T10:05:00+00:00,stricker d,weak_similarity,,
AC-0347,oddsportal,sonego l,pinnacle_tennis,lopatic l,tennis,ATP Wimbledon,United Kingdom,0.5694,both_sides_near,1,Sonego L. vs Etcheverry T. M. @ 2026-06-30T14:40:00+00:00,lopatic l,weak_similarity|same_country_common_name,,
AC-0348,oddsportal,sonego l,pinnacle_tennis,petruzelova l,tennis,ATP Wimbledon,United Kingdom,0.4776,both_sides_near,1,Sonego L. vs Etcheverry T. M. @ 2026-06-30T14:40:00+00:00,petruzelova l,weak_similarity|same_country_common_name,,
AC-0349,oddsportal,svajda z,pinnacle_tennis,bergs z,tennis,ATP Wimbledon,United Kingdom,0.5119,both_sides_near,1,De Minaur A. vs Svajda Z. @ 2026-07-04T10:05:00+00:00,bergs z,weak_similarity,,
AC-0350,oddsportal,sweeny d,pinnacle_tennis,naharro d,tennis,ATP Wimbledon,United Kingdom,0.4907,both_sides_near,1,Sweeny D. vs Blanch Dar. @ 2026-06-24T10:00:00+00:00,naharro d,weak_similarity,,
AC-0351,oddsportal,tirantet a,pinnacle_tennis,meza a,tennis,ATP Wimbledon,United Kingdom,0.6000,both_sides_near,1,Tirante T. A. vs Marozsan F. @ 2026-06-29T14:45:00+00:00,meza a,weak_similarity,,
AC-0352,oddsportal,tirantet a,pinnacle_tennis,roig a,tennis,ATP Wimbledon,United Kingdom,0.5222,both_sides_near,1,Tirante T. A. vs Marozsan F. @ 2026-06-29T14:45:00+00:00,roig a,weak_similarity,,
AC-0353,oddsportal,tirantet a,pinnacle_tennis,shevchenko a,tennis,ATP Wimbledon,United Kingdom,0.4944,both_sides_near,1,Tirante T. A. vs Marozsan F. @ 2026-06-29T14:45:00+00:00,shevchenko a,weak_similarity,,
AC-0354,oddsportal,tirantet a,pinnacle_tennis,tirante t,tennis,ATP Wimbledon,United Kingdom,0.9578,single_side_nearmiss,1,Tirante T. A. vs Marozsan F. @ 2026-06-29T14:45:00+00:00,tirante t,same_country_common_name,,
AC-0355,oddsportal,tsengc h,pinnacle_tennis,tseng c,tennis,ATP Wimbledon,United Kingdom,0.9464,single_side_nearmiss,1,Tseng C. H. vs Heide G. @ 2026-06-22T15:30:00+00:00,tseng c,,,
AC-0356,oddsportal,ugocarabelli c,pinnacle_tennis,carabelli c,tennis,ATP Wimbledon,United Kingdom,0.9286,both_sides_near,1,Ugo Carabelli C. vs Merida Aguilar D. @ 2026-06-29T11:50:00+00:00,carabelli c,,,
AC-0357,oddsportal,vallejo d,pinnacle_tennis,vallejo a,tennis,ATP Wimbledon,United Kingdom,0.9556,single_side_nearmiss,1,Vallejo D. vs Mejia N. @ 2026-06-29T15:15:00+00:00,vallejo a,,,
AC-0358,oddsportal,vanassche l,pinnacle_tennis,assche l,tennis,ATP Wimbledon,United Kingdom,0.9091,single_side_nearmiss,1,van Assche L. vs Fucsovics M. @ 2026-06-29T10:10:00+00:00,assche l,,,
AC-0359,oddsportal,vandezandschulp b,pinnacle_tennis,zandschulp b,tennis,ATP Wimbledon,United Kingdom,0.8222,single_side_nearmiss,2,Kovacevic A. vs Van De Zandschulp B. @ 2026-06-29T10:10:00+00:00; Safiullin R. vs Van De Zandschulp B. @ 2026-07-01T13:00:00+00:00,zandschulp b,weak_similarity,approve,Botic van de Zandschulp; 'zandschulp' unique; same initial B; recovers via stage-1 match_event (verified empirically); 2 distinct fixtures
AC-0360,oddsportal,virtanen o,pinnacle_tennis,wallin o,tennis,ATP Wimbledon,United Kingdom,0.6417,both_sides_near,1,Budkov Kjaer N. vs Virtanen O. @ 2026-06-25T12:45:00+00:00,wallin o,weak_similarity,,
AC-0361,oddsportal,bassols m,pinnacle_tennis,barthel m,tennis,WTA Wimbledon,United Kingdom,0.7630,both_sides_near,1,Radivojevic L. vs Bassols M. @ 2026-06-23T14:50:00+00:00,barthel m,weak_similarity,,
AC-0362,oddsportal,bassols m,pinnacle_tennis,basing m,tennis,WTA Wimbledon,United Kingdom,0.8088,both_sides_near,1,Bassols M. vs Montgomery R. @ 2026-06-25T14:20:00+00:00,basing m,weak_similarity|same_country_common_name,,
AC-0363,oddsportal,bassols m,pinnacle_tennis,carle m,tennis,WTA Wimbledon,United Kingdom,0.6720,both_sides_near,1,Radivojevic L. vs Bassols M. @ 2026-06-23T14:50:00+00:00,carle m,weak_similarity,,
AC-0364,oddsportal,bassols m,pinnacle_tennis,inglis m,tennis,WTA Wimbledon,United Kingdom,0.5648,both_sides_near,1,Radivojevic L. vs Bassols M. @ 2026-06-23T14:50:00+00:00,inglis m,weak_similarity,,
AC-0365,oddsportal,bassols m,pinnacle_tennis,kecmanovic m,tennis,WTA Wimbledon,United Kingdom,0.4259,both_sides_near,1,Radivojevic L. vs Bassols M. @ 2026-06-23T14:50:00+00:00,kecmanovic m,weak_similarity,,
AC-0366,oddsportal,bassols m,pinnacle_tennis,murcia m,tennis,WTA Wimbledon,United Kingdom,0.4907,both_sides_near,1,Radivojevic L. vs Bassols M. @ 2026-06-23T14:50:00+00:00,murcia m,weak_similarity,,
AC-0367,oddsportal,bassols m,pinnacle_tennis,paoletti m,tennis,WTA Wimbledon,United Kingdom,0.6852,both_sides_near,1,Radivojevic L. vs Bassols M. @ 2026-06-23T14:50:00+00:00,paoletti m,weak_similarity,,
AC-0368,oddsportal,bassols m,pinnacle_tennis,rehberg m,tennis,WTA Wimbledon,United Kingdom,0.5556,both_sides_near,1,Radivojevic L. vs Bassols M. @ 2026-06-23T14:50:00+00:00,rehberg m,weak_similarity,,
AC-0369,oddsportal,bassols m,pinnacle_tennis,ribera m,tennis,WTA Wimbledon,United Kingdom,0.5694,single_side_nearmiss,2,Radivojevic L. vs Bassols M. @ 2026-06-23T14:50:00+00:00; Bassols M. vs Montgomery R. @ 2026-06-25T14:20:00+00:00,ribera m,weak_similarity,,
AC-0370,oddsportal,bassols m,pinnacle_tennis,sequeira m,tennis,WTA Wimbledon,United Kingdom,0.5444,both_sides_near,1,Radivojevic L. vs Bassols M. @ 2026-06-23T14:50:00+00:00,sequeira m,weak_similarity,,
AC-0371,oddsportal,bassols m,pinnacle_tennis,turker m,tennis,WTA Wimbledon,United Kingdom,0.4907,both_sides_near,1,Bassols M. vs Montgomery R. @ 2026-06-25T14:20:00+00:00,turker m,weak_similarity,,
AC-0372,oddsportal,bouzasmaneiro j,pinnacle_tennis,beaven j,tennis,WTA Wimbledon,United Kingdom,0.5550,both_sides_near,1,Yastremska D. vs Bouzas Maneiro J. @ 2026-07-01T13:00:00+00:00,beaven j,weak_similarity,,
AC-0373,oddsportal,bouzasmaneiro j,pinnacle_tennis,bojovic j,tennis,WTA Wimbledon,United Kingdom,0.7037,both_sides_near,1,Yastremska D. vs Bouzas Maneiro J. @ 2026-07-01T13:00:00+00:00,bojovic j,weak_similarity,,
AC-0374,oddsportal,bouzasmaneiro j,pinnacle_tennis,brooksby j,tennis,WTA Wimbledon,United Kingdom,0.6500,both_sides_near,1,Pegula J. vs Bouzas Maneiro J. @ 2026-07-03T12:40:00+00:00,brooksby j,weak_similarity,,
AC-0375,oddsportal,bouzasmaneiro j,pinnacle_tennis,cerundolo j,tennis,WTA Wimbledon,United Kingdom,0.5652,both_sides_near,1,Bouzas Maneiro J. vs Potapova A. @ 2026-06-29T18:20:00+00:00,cerundolo j,weak_similarity|same_country_common_name,,
AC-0376,oddsportal,bouzasmaneiro j,pinnacle_tennis,maneiro j,tennis,WTA Wimbledon,United Kingdom,0.7556,single_side_nearmiss,3,Bouzas Maneiro J. vs Potapova A. @ 2026-06-29T18:20:00+00:00; Yastremska D. vs Bouzas Maneiro J. @ 2026-07-01T13:00:00+00:00,maneiro j,weak_similarity,approve,Jessica Bouzas Maneiro; 'maneiro' unique; same initial J; 3 fixtures / 2 distinct
AC-0377,oddsportal,bouzasmaneiro j,pinnacle_tennis,osorio j,tennis,WTA Wimbledon,United Kingdom,0.5250,both_sides_near,1,Bouzas Maneiro J. vs Potapova A. @ 2026-06-29T18:20:00+00:00,osorio j,weak_similarity,,
AC-0378,oddsportal,bouzasmaneiro j,pinnacle_tennis,pegula j,tennis,WTA Wimbledon,United Kingdom,0.4611,both_sides_near,1,Pegula J. vs Bouzas Maneiro J. @ 2026-07-03T12:40:00+00:00,pegula j,weak_similarity,,
AC-0379,oddsportal,bouzasmaneiro j,pinnacle_tennis,schifris j,tennis,WTA Wimbledon,United Kingdom,0.5444,both_sides_near,1,Yastremska D. vs Bouzas Maneiro J. @ 2026-07-01T13:00:00+00:00,schifris j,weak_similarity,,
AC-0380,oddsportal,bouzasmaneiro j,pinnacle_tennis,sinner j,tennis,WTA Wimbledon,United Kingdom,0.5889,both_sides_near,1,Pegula J. vs Bouzas Maneiro J. @ 2026-07-03T12:40:00+00:00,sinner j,weak_similarity,,
AC-0381,oddsportal,bouzasmaneiro j,pinnacle_tennis,tjen j,tennis,WTA Wimbledon,United Kingdom,0.4111,both_sides_near,1,Yastremska D. vs Bouzas Maneiro J. @ 2026-07-01T13:00:00+00:00,tjen j,weak_similarity,,
AC-0382,oddsportal,bouzkova m,pinnacle_tennis,mettraux m,tennis,WTA Wimbledon,United Kingdom,0.5167,both_sides_near,1,Grant T. C. vs Bouzkova M. @ 2026-07-02T10:00:00+00:00,mettraux m,weak_similarity|same_country_common_name,,
AC-0383,oddsportal,bouzkova m,pinnacle_tennis,slama m,tennis,WTA Wimbledon,United Kingdom,0.5762,both_sides_near,1,Grant T. C. vs Bouzkova M. @ 2026-07-02T10:00:00+00:00,slama m,weak_similarity,,
AC-0384,oddsportal,brancaccio n,pinnacle_tennis,demoliner n,tennis,WTA Wimbledon,United Kingdom,0.4823,both_sides_near,1,Brancaccio N. vs Lazaro Garcia A. @ 2026-06-23T10:00:00+00:00,demoliner n,weak_similarity,,
AC-0385,oddsportal,brancaccio n,pinnacle_tennis,smith n,tennis,WTA Wimbledon,United Kingdom,0.3175,both_sides_near,1,Brancaccio N. vs Lazaro Garcia A. @ 2026-06-23T10:00:00+00:00,smith n,weak_similarity,,
AC-0386,oddsportal,brancaccio n,pinnacle_tennis,visker n,tennis,WTA Wimbledon,United Kingdom,0.4306,both_sides_near,1,Brancaccio N. vs Lazaro Garcia A. @ 2026-06-23T10:00:00+00:00,visker n,weak_similarity,,
AC-0387,oddsportal,carlem l,pinnacle_tennis,carle m,tennis,WTA Wimbledon,United Kingdom,0.9464,single_side_nearmiss,1,Carle M. L. vs Havlickova L. @ 2026-06-23T16:05:00+00:00,carle m,,,
AC-0388,oddsportal,carlem l,pinnacle_tennis,giovannini l,tennis,WTA Wimbledon,United Kingdom,0.5417,both_sides_near,1,Carle M. L. vs Havlickova L. @ 2026-06-23T16:05:00+00:00,giovannini l,weak_similarity,,
AC-0389,oddsportal,carlem l,pinnacle_tennis,klimovicova l,tennis,WTA Wimbledon,United Kingdom,0.6026,both_sides_near,1,Carle M. L. vs Havlickova L. @ 2026-06-23T16:05:00+00:00,klimovicova l,weak_similarity,,
AC-0390,oddsportal,carlem l,pinnacle_tennis,stefanini l,tennis,WTA Wimbledon,United Kingdom,0.5379,both_sides_near,1,Carle M. L. vs Havlickova L. @ 2026-06-23T16:05:00+00:00,stefanini l,weak_similarity,,
AC-0391,oddsportal,carlem l,pinnacle_tennis,sun l,tennis,WTA Wimbledon,United Kingdom,0.3833,both_sides_near,1,Carle M. L. vs Havlickova L. @ 2026-06-23T16:05:00+00:00,sun l,weak_similarity,,
AC-0392,oddsportal,fitaboluda a,pinnacle_tennis,boluda a,tennis,WTA Wimbledon,United Kingdom,0.7222,single_side_nearmiss,1,Fita Boluda A. vs Gjorcheska L. @ 2026-06-23T11:30:00+00:00,boluda a,weak_similarity,,
AC-0393,oddsportal,fitaboluda a,pinnacle_tennis,ebster a,tennis,WTA Wimbledon,United Kingdom,0.4444,both_sides_near,1,Fita Boluda A. vs Gjorcheska L. @ 2026-06-23T11:30:00+00:00,ebster a,weak_similarity,,
AC-0394,oddsportal,fitaboluda a,pinnacle_tennis,ozerova a,tennis,WTA Wimbledon,United Kingdom,0.4259,both_sides_near,1,Fita Boluda A. vs Gjorcheska L. @ 2026-06-23T11:30:00+00:00,ozerova a,weak_similarity,,
AC-0395,oddsportal,fitaboluda a,pinnacle_tennis,toth a,tennis,WTA Wimbledon,United Kingdom,0.4722,both_sides_near,1,Fita Boluda A. vs Gjorcheska L. @ 2026-06-23T11:30:00+00:00,toth a,weak_similarity,,
AC-0396,oddsportal,gjorcheska l,pinnacle_tennis,hietaranta l,tennis,WTA Wimbledon,United Kingdom,0.5556,both_sides_near,1,Fita Boluda A. vs Gjorcheska L. @ 2026-06-23T11:30:00+00:00,hietaranta l,weak_similarity,,
AC-0397,oddsportal,gjorcheska l,pinnacle_tennis,tran l,tennis,WTA Wimbledon,United Kingdom,0.4167,both_sides_near,2,Fita Boluda A. vs Gjorcheska L. @ 2026-06-23T11:30:00+00:00,tran l,weak_similarity,reject,Gjorcheska L. vs Tran L. — different players
AC-0398,oddsportal,grantt c,pinnacle_tennis,brace c,tennis,WTA Wimbledon,United Kingdom,0.6905,both_sides_near,1,Grant T. C. vs Bouzkova M. @ 2026-07-02T10:00:00+00:00,brace c,weak_similarity,,
AC-0399,oddsportal,grantt c,pinnacle_tennis,grant t,tennis,WTA Wimbledon,United Kingdom,0.9464,single_side_nearmiss,4,Grant T. C. vs Preston T. @ 2026-06-23T10:00:00+00:00; Garland J. vs Grant T. C. @ 2026-06-24T10:00:00+00:00,grant t,,reject,tennis initial-veto class: trailing initials differ (c vs t) — different players regardless of similarity
AC-0400,oddsportal,grantt c,pinnacle_tennis,korhonen c,tennis,WTA Wimbledon,United Kingdom,0.6333,both_sides_near,1,Grant T. C. vs Bouzkova M. @ 2026-07-02T10:00:00+00:00,korhonen c,weak_similarity,,
AC-0401,oddsportal,grantt c,pinnacle_tennis,monnet c,tennis,WTA Wimbledon,United Kingdom,0.6667,both_sides_near,1,Grant T. C. vs Preston T. @ 2026-06-23T10:00:00+00:00,monnet c,weak_similarity,,
AC-0402,oddsportal,haddadmaia b,pinnacle_tennis,maia b,tennis,WTA Wimbledon,United Kingdom,0.5667,single_side_nearmiss,1,Haddad Maia B. vs Timofeeva M. @ 2026-06-30T13:15:00+00:00,maia b,weak_similarity,,
AC-0403,oddsportal,havlickova l,pinnacle_tennis,giovannini l,tennis,WTA Wimbledon,United Kingdom,0.5556,both_sides_near,1,Carle M. L. vs Havlickova L. @ 2026-06-23T16:05:00+00:00,giovannini l,weak_similarity,,
AC-0404,oddsportal,havlickova l,pinnacle_tennis,klimovicova l,tennis,WTA Wimbledon,United Kingdom,0.7215,both_sides_near,1,Carle M. L. vs Havlickova L. @ 2026-06-23T16:05:00+00:00,klimovicova l,weak_similarity,,
AC-0405,oddsportal,havlickova l,pinnacle_tennis,stefanini l,tennis,WTA Wimbledon,United Kingdom,0.5657,both_sides_near,1,Carle M. L. vs Havlickova L. @ 2026-06-23T16:05:00+00:00,stefanini l,weak_similarity,,
AC-0406,oddsportal,havlickova l,pinnacle_tennis,sun l,tennis,WTA Wimbledon,United Kingdom,0.4278,both_sides_near,1,Carle M. L. vs Havlickova L. @ 2026-06-23T16:05:00+00:00,sun l,weak_similarity,,
AC-0407,oddsportal,iatcenko p,pinnacle_tennis,inchauspe p,tennis,WTA Wimbledon,United Kingdom,0.6938,both_sides_near,1,Iatcenko P. vs Romero Gormaz L. @ 2026-06-23T14:15:00+00:00,inchauspe p,weak_similarity,,
AC-0408,oddsportal,jimenezkasintseva v,pinnacle_tennis,kasintseva v,tennis,WTA Wimbledon,United Kingdom,0.7661,both_sides_near,1,Sorribes Tormo S. vs Jimenez Kasintseva V. @ 2026-06-29T10:10:00+00:00,kasintseva v,weak_similarity,,
AC-0409,oddsportal,korneeva a,pinnacle_tennis,davies a,tennis,WTA Wimbledon,United Kingdom,0.4667,both_sides_near,1,Korneeva A. vs Lazaro Garcia A. @ 2026-06-24T11:30:00+00:00,davies a,weak_similarity,,
AC-0410,oddsportal,korneeva a,pinnacle_tennis,fokina a,tennis,WTA Wimbledon,United Kingdom,0.7278,both_sides_near,1,Korneeva A. vs Lazaro Garcia A. @ 2026-06-24T11:30:00+00:00,fokina a,weak_similarity|same_country_common_name,,
AC-0411,oddsportal,korneeva a,pinnacle_tennis,garcia a,tennis,WTA Wimbledon,United Kingdom,0.6333,both_sides_near,1,Korneeva A. vs Lazaro Garcia A. @ 2026-06-24T11:30:00+00:00,garcia a,weak_similarity|same_country_common_name,,
AC-0412,oddsportal,korneeva a,pinnacle_tennis,marginean a,tennis,WTA Wimbledon,United Kingdom,0.7152,both_sides_near,1,Korneeva A. vs Lazaro Garcia A. @ 2026-06-24T11:30:00+00:00,marginean a,weak_similarity,,
AC-0413,oddsportal,korneeva a,pinnacle_tennis,oana a,tennis,WTA Wimbledon,United Kingdom,0.7778,both_sides_near,1,Korneeva A. vs Lazaro Garcia A. @ 2026-06-24T11:30:00+00:00,oana a,weak_similarity,,
AC-0414,oddsportal,korneeva a,pinnacle_tennis,soare a,tennis,WTA Wimbledon,United Kingdom,0.6714,both_sides_near,1,Korneeva A. vs Lazaro Garcia A. @ 2026-06-24T11:30:00+00:00,soare a,weak_similarity,,
AC-0415,oddsportal,korneeva a,pinnacle_tennis,walton a,tennis,WTA Wimbledon,United Kingdom,0.5500,both_sides_near,1,Korneeva A. vs Lazaro Garcia A. @ 2026-06-24T11:30:00+00:00,walton a,weak_similarity,,
AC-0416,oddsportal,lazarogarcia a,pinnacle_tennis,davies a,tennis,WTA Wimbledon,United Kingdom,0.4187,both_sides_near,1,Korneeva A. vs Lazaro Garcia A. @ 2026-06-24T11:30:00+00:00,davies a,weak_similarity,,
AC-0417,oddsportal,lazarogarcia a,pinnacle_tennis,fokina a,tennis,WTA Wimbledon,United Kingdom,0.4702,both_sides_near,1,Korneeva A. vs Lazaro Garcia A. @ 2026-06-24T11:30:00+00:00,fokina a,weak_similarity|same_country_common_name,,
AC-0418,oddsportal,lazarogarcia a,pinnacle_tennis,garcia a,tennis,WTA Wimbledon,United Kingdom,0.7321,single_side_nearmiss,2,Brancaccio N. vs Lazaro Garcia A. @ 2026-06-23T10:00:00+00:00; Korneeva A. vs Lazaro Garcia A. @ 2026-06-24T11:30:00+00:00,garcia a,weak_similarity|same_country_common_name,,
AC-0419,oddsportal,lazarogarcia a,pinnacle_tennis,korneeva a,tennis,WTA Wimbledon,United Kingdom,0.4524,both_sides_near,1,Korneeva A. vs Lazaro Garcia A. @ 2026-06-24T11:30:00+00:00,korneeva a,weak_similarity,,
AC-0420,oddsportal,lazarogarcia a,pinnacle_tennis,marginean a,tennis,WTA Wimbledon,United Kingdom,0.5931,both_sides_near,1,Korneeva A. vs Lazaro Garcia A. @ 2026-06-24T11:30:00+00:00,marginean a,weak_similarity,,
AC-0421,oddsportal,lazarogarcia a,pinnacle_tennis,mektic a,tennis,WTA Wimbledon,United Kingdom,0.4702,both_sides_near,2,Brancaccio N. vs Lazaro Garcia A. @ 2026-06-23T10:00:00+00:00,mektic a,weak_similarity,reject,Lazaro Garcia A. vs Mektic A. — different players
AC-0422,oddsportal,lazarogarcia a,pinnacle_tennis,oana a,tennis,WTA Wimbledon,United Kingdom,0.5675,both_sides_near,1,Korneeva A. vs Lazaro Garcia A. @ 2026-06-24T11:30:00+00:00,oana a,weak_similarity,,
AC-0423,oddsportal,lazarogarcia a,pinnacle_tennis,soare a,tennis,WTA Wimbledon,United Kingdom,0.5357,both_sides_near,1,Korneeva A. vs Lazaro Garcia A. @ 2026-06-24T11:30:00+00:00,soare a,weak_similarity,,
AC-0424,oddsportal,lazarogarcia a,pinnacle_tennis,vasilev a,tennis,WTA Wimbledon,United Kingdom,0.4101,both_sides_near,1,Brancaccio N. vs Lazaro Garcia A. @ 2026-06-23T10:00:00+00:00,vasilev a,weak_similarity,,
AC-0425,oddsportal,lazarogarcia a,pinnacle_tennis,walton a,tennis,WTA Wimbledon,United Kingdom,0.4940,both_sides_near,1,Korneeva A. vs Lazaro Garcia A. @ 2026-06-24T11:30:00+00:00,walton a,weak_similarity,,
AC-0426,oddsportal,leec y,pinnacle_tennis,ku y,tennis,WTA Wimbledon,United Kingdom,0.6111,both_sides_near,2,Rakotomanga Rajaonah T. vs Lee C. Y. @ 2026-06-23T17:10:00+00:00,ku y,weak_similarity,reject,Lee C.Y. vs Ku Y. — different players
AC-0427,oddsportal,leec y,pinnacle_tennis,lee c,tennis,WTA Wimbledon,United Kingdom,0.9144,both_sides_near,1,Rakotomanga Rajaonah T. vs Lee C. Y. @ 2026-06-23T17:10:00+00:00,lee c,,,
AC-0428,oddsportal,leec y,pinnacle_tennis,venus y,tennis,WTA Wimbledon,United Kingdom,0.6429,both_sides_near,1,Rakotomanga Rajaonah T. vs Lee C. Y. @ 2026-06-23T17:10:00+00:00,venus y,weak_similarity,,
AC-0429,oddsportal,maristany g,pinnacle_tennis,maria t,tennis,WTA Wimbledon,United Kingdom,0.8844,both_sides_near,1,Maristany G. vs Ortenzi J. @ 2026-06-23T10:00:00+00:00,maria t,weak_similarity,,
AC-0430,oddsportal,maristany g,pinnacle_tennis,reales g,tennis,WTA Wimbledon,United Kingdom,0.6265,single_side_nearmiss,1,Maristany G. vs Ortenzi J. @ 2026-06-23T10:00:00+00:00,reales g,weak_similarity,,
AC-0431,oddsportal,miyazaki l,pinnacle_tennis,fruhvirtova l,tennis,WTA Wimbledon,United Kingdom,0.5692,both_sides_near,1,Miyazaki L. vs Yaneva E. @ 2026-06-23T13:50:00+00:00,fruhvirtova l,weak_similarity,,
AC-0432,oddsportal,miyazaki l,pinnacle_tennis,heide l,tennis,WTA Wimbledon,United Kingdom,0.5762,both_sides_near,1,Miyazaki L. vs Yaneva E. @ 2026-06-23T13:50:00+00:00,heide l,weak_similarity,,
AC-0433,oddsportal,miyazaki l,pinnacle_tennis,miyazaki y,tennis,WTA Wimbledon,United Kingdom,0.9600,single_side_nearmiss,1,Miyazaki L. vs Yaneva E. @ 2026-06-23T13:50:00+00:00,miyazaki y,,,
AC-0434,oddsportal,miyazaki l,pinnacle_tennis,noskova l,tennis,WTA Wimbledon,United Kingdom,0.5315,both_sides_near,1,Miyazaki L. vs Yaneva E. @ 2026-06-23T13:50:00+00:00,noskova l,weak_similarity,,
AC-0435,oddsportal,miyazaki l,pinnacle_tennis,potenza l,tennis,WTA Wimbledon,United Kingdom,0.5315,both_sides_near,1,Miyazaki L. vs Yaneva E. @ 2026-06-23T13:50:00+00:00,potenza l,weak_similarity,,
AC-0436,oddsportal,miyazaki l,pinnacle_tennis,samsonova l,tennis,WTA Wimbledon,United Kingdom,0.5848,both_sides_near,1,Miyazaki L. vs Yaneva E. @ 2026-06-23T13:50:00+00:00,samsonova l,weak_similarity,,
AC-0437,oddsportal,montgomery r,pinnacle_tennis,bertola r,tennis,WTA Wimbledon,United Kingdom,0.4259,both_sides_near,1,Bassols M. vs Montgomery R. @ 2026-06-25T14:20:00+00:00,bertola r,weak_similarity|same_country_common_name,,
AC-0438,oddsportal,montgomery r,pinnacle_tennis,kumar r,tennis,WTA Wimbledon,United Kingdom,0.6349,both_sides_near,1,Bassols M. vs Montgomery R. @ 2026-06-25T14:20:00+00:00,kumar r,weak_similarity|same_country_common_name,,
AC-0439,oddsportal,nohaakugue n,pinnacle_tennis,akugue n,tennis,WTA Wimbledon,United Kingdom,0.8889,single_side_nearmiss,1,Noha Akugue N. vs Pigato L. @ 2026-06-23T10:00:00+00:00,akugue n,weak_similarity,,
AC-0440,oddsportal,ortenzi j,pinnacle_tennis,paolini j,tennis,WTA Wimbledon,United Kingdom,0.6370,both_sides_near,1,Maristany G. vs Ortenzi J. @ 2026-06-23T10:00:00+00:00,paolini j,weak_similarity|same_country_common_name,,
AC-0441,oddsportal,pegula j,pinnacle_tennis,brooksby j,tennis,WTA Wimbledon,United Kingdom,0.4833,both_sides_near,1,Pegula J. vs Bouzas Maneiro J. @ 2026-07-03T12:40:00+00:00,brooksby j,weak_similarity,,
AC-0442,oddsportal,pegula j,pinnacle_tennis,maneiro j,tennis,WTA Wimbledon,United Kingdom,0.5694,both_sides_near,1,Pegula J. vs Bouzas Maneiro J. @ 2026-07-03T12:40:00+00:00,maneiro j,weak_similarity,,
AC-0443,oddsportal,pegula j,pinnacle_tennis,nicod j,tennis,WTA Wimbledon,United Kingdom,0.5119,both_sides_near,1,Pegula J. vs Sorribes Tormo S. @ 2026-07-01T15:45:00+00:00,nicod j,weak_similarity,,
AC-0444,oddsportal,pegula j,pinnacle_tennis,sinner j,tennis,WTA Wimbledon,United Kingdom,0.5833,both_sides_near,1,Pegula J. vs Bouzas Maneiro J. @ 2026-07-03T12:40:00+00:00,sinner j,weak_similarity,,
AC-0445,oddsportal,pohankova m,pinnacle_tennis,serafini m,tennis,WTA Wimbledon,United Kingdom,0.5879,both_sides_near,1,Tan H. vs Pohankova M. @ 2026-06-23T10:00:00+00:00,serafini m,weak_similarity,,
AC-0446,oddsportal,pohankova m,pinnacle_tennis,sherif m,tennis,WTA Wimbledon,United Kingdom,0.5492,both_sides_near,1,Tan H. vs Pohankova M. @ 2026-06-23T10:00:00+00:00,sherif m,weak_similarity,,
AC-0447,oddsportal,potapova a,pinnacle_tennis,fokina a,tennis,WTA Wimbledon,United Kingdom,0.5500,both_sides_near,1,Bouzas Maneiro J. vs Potapova A. @ 2026-06-29T18:20:00+00:00,fokina a,weak_similarity|same_country_common_name,,
AC-0448,oddsportal,potapova a,pinnacle_tennis,hayen a,tennis,WTA Wimbledon,United Kingdom,0.4651,both_sides_near,1,Bouzas Maneiro J. vs Potapova A. @ 2026-06-29T18:20:00+00:00,hayen a,weak_similarity,,
AC-0449,oddsportal,preston t,pinnacle_tennis,prozorova t,tennis,WTA Wimbledon,United Kingdom,0.7360,both_sides_near,1,Grant T. C. vs Preston T. @ 2026-06-23T10:00:00+00:00,prozorova t,weak_similarity,,
AC-0450,oddsportal,radivojevic l,pinnacle_tennis,bagaric l,tennis,WTA Wimbledon,United Kingdom,0.6538,both_sides_near,1,Radivojevic L. vs Bassols M. @ 2026-06-23T14:50:00+00:00,bagaric l,weak_similarity,,
AC-0451,oddsportal,radivojevic l,pinnacle_tennis,bronzetti l,tennis,WTA Wimbledon,United Kingdom,0.5857,both_sides_near,1,Radivojevic L. vs Bassols M. @ 2026-06-23T14:50:00+00:00,bronzetti l,weak_similarity,,
AC-0452,oddsportal,radivojevic l,pinnacle_tennis,havlickova l,tennis,WTA Wimbledon,United Kingdom,0.6565,both_sides_near,1,Radivojevic L. vs Bassols M. @ 2026-06-23T14:50:00+00:00,havlickova l,weak_similarity,,
AC-0453,oddsportal,radivojevic l,pinnacle_tennis,ipunesso l,tennis,WTA Wimbledon,United Kingdom,0.5615,both_sides_near,1,Radivojevic L. vs Bassols M. @ 2026-06-23T14:50:00+00:00,ipunesso l,weak_similarity,,
AC-0454,oddsportal,radivojevic l,pinnacle_tennis,mouffe l,tennis,WTA Wimbledon,United Kingdom,0.6026,both_sides_near,1,Radivojevic L. vs Bassols M. @ 2026-06-23T14:50:00+00:00,mouffe l,weak_similarity,,
AC-0455,oddsportal,radivojevic l,pinnacle_tennis,moyano l,tennis,WTA Wimbledon,United Kingdom,0.5192,both_sides_near,1,Radivojevic L. vs Bassols M. @ 2026-06-23T14:50:00+00:00,moyano l,weak_similarity,,
AC-0456,oddsportal,radivojevic l,pinnacle_tennis,sonego l,tennis,WTA Wimbledon,United Kingdom,0.6026,both_sides_near,1,Radivojevic L. vs Bassols M. @ 2026-06-23T14:50:00+00:00,sonego l,weak_similarity|same_country_common_name,,
AC-0457,oddsportal,radivojevic l,pinnacle_tennis,zhu l,tennis,WTA Wimbledon,United Kingdom,0.0000,both_sides_near,1,Radivojevic L. vs Bassols M. @ 2026-06-23T14:50:00+00:00,zhu l,weak_similarity,,
AC-0458,oddsportal,rakotomangarajaonah t,pinnacle_tennis,kostovic t,tennis,WTA Wimbledon,United Kingdom,0.5302,both_sides_near,2,Rakotomanga Rajaonah T. vs Lee C. Y. @ 2026-06-23T17:10:00+00:00,kostovic t,weak_similarity,reject,Rakotomanga Rajaonah T. vs Kostovic T. — different players
AC-0459,oddsportal,rakotomangarajaonah t,pinnacle_tennis,rajaonah t,tennis,WTA Wimbledon,United Kingdom,0.6470,both_sides_near,1,Rakotomanga Rajaonah T. vs Lee C. Y. @ 2026-06-23T17:10:00+00:00,rajaonah t,weak_similarity,,
AC-0460,oddsportal,rakotomangarajaonah t,pinnacle_tennis,tirante t,tennis,WTA Wimbledon,United Kingdom,0.4200,both_sides_near,1,Rakotomanga Rajaonah T. vs Lee C. Y. @ 2026-06-23T17:10:00+00:00,tirante t,weak_similarity|same_country_common_name,,
AC-0461,oddsportal,romerogormaz l,pinnacle_tennis,gormaz l,tennis,WTA Wimbledon,United Kingdom,0.7946,single_side_nearmiss,1,Iatcenko P. vs Romero Gormaz L. @ 2026-06-23T14:15:00+00:00,gormaz l,weak_similarity,,
AC-0462,oddsportal,romerogormaz l,pinnacle_tennis,poullain l,tennis,WTA Wimbledon,United Kingdom,0.5619,both_sides_near,1,Iatcenko P. vs Romero Gormaz L. @ 2026-06-23T14:15:00+00:00,poullain l,weak_similarity,,
AC-0463,oddsportal,ruse g,pinnacle_tennis,ruse e,tennis,WTA Wimbledon,United Kingdom,0.9333,single_side_nearmiss,1,Ruse G. vs McNally C. @ 2026-06-30T15:15:00+00:00,ruse e,,,
AC-0464,oddsportal,sorribestormo s,pinnacle_tennis,tormo s,tennis,WTA Wimbledon,United Kingdom,0.4460,both_sides_near,2,Sorribes Tormo S. vs Jimenez Kasintseva V. @ 2026-06-29T10:10:00+00:00; Pegula J. vs Sorribes Tormo S. @ 2026-07-01T15:45:00+00:00,tormo s,weak_similarity,approve,Sara Sorribes Tormo; 'tormo' unique; same initial S; 2 distinct fixtures
AC-0465,oddsportal,sorribestormo s,pinnacle_tennis,weldam s,tennis,WTA Wimbledon,United Kingdom,0.4139,both_sides_near,1,Pegula J. vs Sorribes Tormo S. @ 2026-07-01T15:45:00+00:00,weldam s,weak_similarity,,
AC-0466,oddsportal,tan h,pinnacle_tennis,bernet h,tennis,WTA Wimbledon,United Kingdom,0.6583,both_sides_near,1,Tan H. vs Pohankova M. @ 2026-06-23T10:00:00+00:00,bernet h,weak_similarity,,
AC-0467,oddsportal,tan h,pinnacle_tennis,watson h,tennis,WTA Wimbledon,United Kingdom,0.8083,both_sides_near,1,Tan H. vs Pohankova M. @ 2026-06-23T10:00:00+00:00,watson h,weak_similarity,,
AC-0468,oddsportal,yaneva e,pinnacle_tennis,jones e,tennis,WTA Wimbledon,United Kingdom,0.6905,both_sides_near,1,Miyazaki L. vs Yaneva E. @ 2026-06-23T13:50:00+00:00,jones e,weak_similarity|same_country_common_name,,
AC-0469,oddsportal,yaneva e,pinnacle_tennis,moller e,tennis,WTA Wimbledon,United Kingdom,0.5833,both_sides_near,1,Miyazaki L. vs Yaneva E. @ 2026-06-23T13:50:00+00:00,moller e,weak_similarity,,
AC-0470,oddsportal,yaneva e,pinnacle_tennis,ruse e,tennis,WTA Wimbledon,United Kingdom,0.6250,both_sides_near,1,Miyazaki L. vs Yaneva E. @ 2026-06-23T13:50:00+00:00,ruse e,weak_similarity,,
AC-0471,oddsportal,yaneva e,pinnacle_tennis,seibold e,tennis,WTA Wimbledon,United Kingdom,0.5694,both_sides_near,1,Miyazaki L. vs Yaneva E. @ 2026-06-23T13:50:00+00:00,seibold e,weak_similarity,,
AC-0472,oddsportal,yaneva e,pinnacle_tennis,svitolina e,tennis,WTA Wimbledon,United Kingdom,0.6212,both_sides_near,1,Miyazaki L. vs Yaneva E. @ 2026-06-23T13:50:00+00:00,svitolina e,weak_similarity,,
AC-0473,oddsportal,yastremska d,pinnacle_tennis,kasatkina d,tennis,WTA Wimbledon,United Kingdom,0.7399,both_sides_near,1,Yastremska D. vs Bouzas Maneiro J. @ 2026-07-01T13:00:00+00:00,kasatkina d,weak_similarity,,
AC-0474,oddsportal,yastremska d,pinnacle_tennis,petrovic d,tennis,WTA Wimbledon,United Kingdom,0.5389,both_sides_near,1,Yastremska D. vs Bouzas Maneiro J. @ 2026-07-01T13:00:00+00:00,petrovic d,weak_similarity,,
AC-0475,oddsportal,yastremska d,pinnacle_tennis,salton d,tennis,WTA Wimbledon,United Kingdom,0.6139,both_sides_near,1,Yastremska D. vs Bouzas Maneiro J. @ 2026-07-01T13:00:00+00:00,salton d,weak_similarity,,
AC-0476,oddsportal,yastremska d,pinnacle_tennis,tortora d,tennis,WTA Wimbledon,United Kingdom,0.5574,both_sides_near,1,Yastremska D. vs Bouzas Maneiro J. @ 2026-07-01T13:00:00+00:00,tortora d,weak_similarity,,
